FREQ,Frequenza,REF_AREA,Territorio,DATA_TYPE,Indicatore,SEX,Sesso,AGE,Età,TIME_PERIOD,Osservazione,OBS_STATUS,'Stato dell"'osservazione'
A,Annuale,ITC11,Torino,INAC_R,Tasso di inattività,1,Maschi,Y20-64,20-64 anni,2018,15.831719,,
A,Annuale,ITC11,Torino,INAC_R,Tasso di inattività,1,Maschi,Y20-64,20-64 anni,2019,17.61032,,
A,Annuale,ITC11,Torino,INAC_R,Tasso di inattività,1,Maschi,Y20-64,20-64 anni,2020,19.92009,,
A,Annuale,ITC11,Torino,INAC_R,Tasso di inattività,1,Maschi,Y20-64,20-64 anni,2021,17.748119,,
A,Annuale,ITC11,Torino,INAC_R,Tasso di inattività,1,Maschi,Y20-64,20-64 anni,2022,17.537868,,
A,Annuale,ITC11,Torino,INAC_R,Tasso di inattività,1,Maschi,Y20-64,20-64 anni,2023,16.901261,,
A,Annuale,ITC11,Torino,INAC_R,Tasso di inattività,1,Maschi,Y20-64,20-64 anni,2024,14.190139,,
A,Annuale,ITC11,Torino,INAC_R,Tasso di inattività,2,Femmine,Y20-64,20-64 anni,2018,29.435642,,
A,Annuale,ITC11,Torino,INAC_R,Tasso di inattività,2,Femmine,Y20-64,20-64 anni,2019,29.424698,,
A,Annuale,ITC11,Torino,INAC_R,Tasso di inattività,2,Femmine,Y20-64,20-64 anni,2020,32.601024,,
A,Annuale,ITC11,Torino,INAC_R,Tasso di inattività,2,Femmine,Y20-64,20-64 anni,2021,32.936497,,
A,Annuale,ITC11,Torino,INAC_R,Tasso di inattività,2,Femmine,Y20-64,20-64 anni,2022,31.801926,,
A,Annuale,ITC11,Torino,INAC_R,Tasso di inattività,2,Femmine,Y20-64,20-64 anni,2023,30.690189,,
A,Annuale,ITC11,Torino,INAC_R,Tasso di inattività,2,Femmine,Y20-64,20-64 anni,2024,27.758376,,
A,Annuale,ITC12,Vercelli,INAC_R,Tasso di inattività,1,Maschi,Y20-64,20-64 anni,2018,14.738629,,
A,Annuale,ITC12,Vercelli,INAC_R,Tasso di inattività,1,Maschi,Y20-64,20-64 anni,2019,16.135027,,
A,Annuale,ITC12,Vercelli,INAC_R,Tasso di inattività,1,Maschi,Y20-64,20-64 anni,2020,20.131309,,
A,Annuale,ITC12,Vercelli,INAC_R,Tasso di inattività,1,Maschi,Y20-64,20-64 anni,2021,22.41963,,
A,Annuale,ITC12,Vercelli,INAC_R,Tasso di inattività,1,Maschi,Y20-64,20-64 anni,2022,18.650844,,
A,Annuale,ITC12,Vercelli,INAC_R,Tasso di inattività,1,Maschi,Y20-64,20-64 anni,2023,16.054245,,
A,Annuale,ITC12,Vercelli,INAC_R,Tasso di inattività,1,Maschi,Y20-64,20-64 anni,2024,16.770932,,
A,Annuale,ITC12,Vercelli,INAC_R,Tasso di inattività,2,Femmine,Y20-64,20-64 anni,2018,33.176065,,
A,Annuale,ITC12,Vercelli,INAC_R,Tasso di inattività,2,Femmine,Y20-64,20-64 anni,2019,33.823499,,
A,Annuale,ITC12,Vercelli,INAC_R,Tasso di inattività,2,Femmine,Y20-64,20-64 anni,2020,34.25269,,
A,Annuale,ITC12,Vercelli,INAC_R,Tasso di inattività,2,Femmine,Y20-64,20-64 anni,2021,32.699849,,
A,Annuale,ITC12,Vercelli,INAC_R,Tasso di inattività,2,Femmine,Y20-64,20-64 anni,2022,32.629786,,
A,Annuale,ITC12,Vercelli,INAC_R,Tasso di inattività,2,Femmine,Y20-64,20-64 anni,2023,31.164095,,
A,Annuale,ITC12,Vercelli,INAC_R,Tasso di inattività,2,Femmine,Y20-64,20-64 anni,2024,31.810565,,
A,Annuale,ITC15,Novara,INAC_R,Tasso di inattività,1,Maschi,Y20-64,20-64 anni,2018,16.031115,,
A,Annuale,ITC15,Novara,INAC_R,Tasso di inattività,1,Maschi,Y20-64,20-64 anni,2019,15.574379,,
A,Annuale,ITC15,Novara,INAC_R,Tasso di inattività,1,Maschi,Y20-64,20-64 anni,2020,18.395245,,
A,Annuale,ITC15,Novara,INAC_R,Tasso di inattività,1,Maschi,Y20-64,20-64 anni,2021,17.985639,,
A,Annuale,ITC15,Novara,INAC_R,Tasso di inattività,1,Maschi,Y20-64,20-64 anni,2022,14.667225,,
A,Annuale,ITC15,Novara,INAC_R,Tasso di inattività,1,Maschi,Y20-64,20-64 anni,2023,12.609686,,
A,Annuale,ITC15,Novara,INAC_R,Tasso di inattività,1,Maschi,Y20-64,20-64 anni,2024,15.411322,,
A,Annuale,ITC15,Novara,INAC_R,Tasso di inattività,2,Femmine,Y20-64,20-64 anni,2018,32.748335,,
A,Annuale,ITC15,Novara,INAC_R,Tasso di inattività,2,Femmine,Y20-64,20-64 anni,2019,28.95569,,
A,Annuale,ITC15,Novara,INAC_R,Tasso di inattività,2,Femmine,Y20-64,20-64 anni,2020,32.189148,,
A,Annuale,ITC15,Novara,INAC_R,Tasso di inattività,2,Femmine,Y20-64,20-64 anni,2021,32.17446,,
A,Annuale,ITC15,Novara,INAC_R,Tasso di inattività,2,Femmine,Y20-64,20-64 anni,2022,29.426993,,
A,Annuale,ITC15,Novara,INAC_R,Tasso di inattività,2,Femmine,Y20-64,20-64 anni,2023,29.569599,,
A,Annuale,ITC15,Novara,INAC_R,Tasso di inattività,2,Femmine,Y20-64,20-64 anni,2024,32.052528,,
A,Annuale,ITC16,Cuneo,INAC_R,Tasso di inattività,1,Maschi,Y20-64,20-64 anni,2018,14.14469,,
A,Annuale,ITC16,Cuneo,INAC_R,Tasso di inattività,1,Maschi,Y20-64,20-64 anni,2019,13.906692,,
A,Annuale,ITC16,Cuneo,INAC_R,Tasso di inattività,1,Maschi,Y20-64,20-64 anni,2020,15.815554,,
A,Annuale,ITC16,Cuneo,INAC_R,Tasso di inattività,1,Maschi,Y20-64,20-64 anni,2021,15.31583,,
A,Annuale,ITC16,Cuneo,INAC_R,Tasso di inattività,1,Maschi,Y20-64,20-64 anni,2022,14.477657,,
A,Annuale,ITC16,Cuneo,INAC_R,Tasso di inattività,1,Maschi,Y20-64,20-64 anni,2023,14.256746,,
A,Annuale,ITC16,Cuneo,INAC_R,Tasso di inattività,1,Maschi,Y20-64,20-64 anni,2024,14.217511,,
A,Annuale,ITC16,Cuneo,INAC_R,Tasso di inattività,2,Femmine,Y20-64,20-64 anni,2018,32.119126,,
A,Annuale,ITC16,Cuneo,INAC_R,Tasso di inattività,2,Femmine,Y20-64,20-64 anni,2019,29.401051,,
A,Annuale,ITC16,Cuneo,INAC_R,Tasso di inattività,2,Femmine,Y20-64,20-64 anni,2020,31.725245,,
A,Annuale,ITC16,Cuneo,INAC_R,Tasso di inattività,2,Femmine,Y20-64,20-64 anni,2021,28.494198,,
A,Annuale,ITC16,Cuneo,INAC_R,Tasso di inattività,2,Femmine,Y20-64,20-64 anni,2022,29.014229,,
A,Annuale,ITC16,Cuneo,INAC_R,Tasso di inattività,2,Femmine,Y20-64,20-64 anni,2023,30.28554,,
A,Annuale,ITC16,Cuneo,INAC_R,Tasso di inattività,2,Femmine,Y20-64,20-64 anni,2024,29.14516,,
A,Annuale,ITC17,Asti,INAC_R,Tasso di inattività,1,Maschi,Y20-64,20-64 anni,2018,14.913484,,
A,Annuale,ITC17,Asti,INAC_R,Tasso di inattività,1,Maschi,Y20-64,20-64 anni,2019,13.004923,,
A,Annuale,ITC17,Asti,INAC_R,Tasso di inattività,1,Maschi,Y20-64,20-64 anni,2020,13.194762,,
A,Annuale,ITC17,Asti,INAC_R,Tasso di inattività,1,Maschi,Y20-64,20-64 anni,2021,16.611817,,
A,Annuale,ITC17,Asti,INAC_R,Tasso di inattività,1,Maschi,Y20-64,20-64 anni,2022,12.719709,,
A,Annuale,ITC17,Asti,INAC_R,Tasso di inattività,1,Maschi,Y20-64,20-64 anni,2023,12.324911,,
A,Annuale,ITC17,Asti,INAC_R,Tasso di inattività,1,Maschi,Y20-64,20-64 anni,2024,10.937688,,
A,Annuale,ITC17,Asti,INAC_R,Tasso di inattività,2,Femmine,Y20-64,20-64 anni,2018,34.048885,,
A,Annuale,ITC17,Asti,INAC_R,Tasso di inattività,2,Femmine,Y20-64,20-64 anni,2019,32.53502,,
A,Annuale,ITC17,Asti,INAC_R,Tasso di inattività,2,Femmine,Y20-64,20-64 anni,2020,32.2062,,
A,Annuale,ITC17,Asti,INAC_R,Tasso di inattività,2,Femmine,Y20-64,20-64 anni,2021,27.553599,,
A,Annuale,ITC17,Asti,INAC_R,Tasso di inattività,2,Femmine,Y20-64,20-64 anni,2022,28.877216,,
A,Annuale,ITC17,Asti,INAC_R,Tasso di inattività,2,Femmine,Y20-64,20-64 anni,2023,29.313929,,
A,Annuale,ITC17,Asti,INAC_R,Tasso di inattività,2,Femmine,Y20-64,20-64 anni,2024,26.836488,,
A,Annuale,ITC18,Alessandria,INAC_R,Tasso di inattività,1,Maschi,Y20-64,20-64 anni,2018,15.79503,,
A,Annuale,ITC18,Alessandria,INAC_R,Tasso di inattività,1,Maschi,Y20-64,20-64 anni,2019,15.583037,,
A,Annuale,ITC18,Alessandria,INAC_R,Tasso di inattività,1,Maschi,Y20-64,20-64 anni,2020,16.827334,,
A,Annuale,ITC18,Alessandria,INAC_R,Tasso di inattività,1,Maschi,Y20-64,20-64 anni,2021,17.057848,,
A,Annuale,ITC18,Alessandria,INAC_R,Tasso di inattività,1,Maschi,Y20-64,20-64 anni,2022,16.554418,,
A,Annuale,ITC18,Alessandria,INAC_R,Tasso di inattività,1,Maschi,Y20-64,20-64 anni,2023,14.151733,,
A,Annuale,ITC18,Alessandria,INAC_R,Tasso di inattività,1,Maschi,Y20-64,20-64 anni,2024,14.230149,,
A,Annuale,ITC18,Alessandria,INAC_R,Tasso di inattività,2,Femmine,Y20-64,20-64 anni,2018,31.367144,,
A,Annuale,ITC18,Alessandria,INAC_R,Tasso di inattività,2,Femmine,Y20-64,20-64 anni,2019,33.448441,,
A,Annuale,ITC18,Alessandria,INAC_R,Tasso di inattività,2,Femmine,Y20-64,20-64 anni,2020,34.944625,,
A,Annuale,ITC18,Alessandria,INAC_R,Tasso di inattività,2,Femmine,Y20-64,20-64 anni,2021,29.752889,,
A,Annuale,ITC18,Alessandria,INAC_R,Tasso di inattività,2,Femmine,Y20-64,20-64 anni,2022,31.725665,,
A,Annuale,ITC18,Alessandria,INAC_R,Tasso di inattività,2,Femmine,Y20-64,20-64 anni,2023,33.905747,,
A,Annuale,ITC18,Alessandria,INAC_R,Tasso di inattività,2,Femmine,Y20-64,20-64 anni,2024,30.980159,,
A,Annuale,ITC13,Biella,INAC_R,Tasso di inattività,1,Maschi,Y20-64,20-64 anni,2018,17.590376,,
A,Annuale,ITC13,Biella,INAC_R,Tasso di inattività,1,Maschi,Y20-64,20-64 anni,2019,18.912656,,
A,Annuale,ITC13,Biella,INAC_R,Tasso di inattività,1,Maschi,Y20-64,20-64 anni,2020,18.45834,,
A,Annuale,ITC13,Biella,INAC_R,Tasso di inattività,1,Maschi,Y20-64,20-64 anni,2021,19.489569,,
A,Annuale,ITC13,Biella,INAC_R,Tasso di inattività,1,Maschi,Y20-64,20-64 anni,2022,20.408654,,
A,Annuale,ITC13,Biella,INAC_R,Tasso di inattività,1,Maschi,Y20-64,20-64 anni,2023,16.817683,,
A,Annuale,ITC13,Biella,INAC_R,Tasso di inattività,1,Maschi,Y20-64,20-64 anni,2024,17.922788,,
A,Annuale,ITC13,Biella,INAC_R,Tasso di inattività,2,Femmine,Y20-64,20-64 anni,2018,26.363544,,
A,Annuale,ITC13,Biella,INAC_R,Tasso di inattività,2,Femmine,Y20-64,20-64 anni,2019,28.470675,,
A,Annuale,ITC13,Biella,INAC_R,Tasso di inattività,2,Femmine,Y20-64,20-64 anni,2020,28.90011,,
A,Annuale,ITC13,Biella,INAC_R,Tasso di inattività,2,Femmine,Y20-64,20-64 anni,2021,31.158417,,
A,Annuale,ITC13,Biella,INAC_R,Tasso di inattività,2,Femmine,Y20-64,20-64 anni,2022,29.781667,,
A,Annuale,ITC13,Biella,INAC_R,Tasso di inattività,2,Femmine,Y20-64,20-64 anni,2023,26.733895,,
A,Annuale,ITC13,Biella,INAC_R,Tasso di inattività,2,Femmine,Y20-64,20-64 anni,2024,27.727897,,
A,Annuale,ITC14,Verbano-Cusio-Ossola,INAC_R,Tasso di inattività,1,Maschi,Y20-64,20-64 anni,2018,16.854256,,
A,Annuale,ITC14,Verbano-Cusio-Ossola,INAC_R,Tasso di inattività,1,Maschi,Y20-64,20-64 anni,2019,20.458794,,
A,Annuale,ITC14,Verbano-Cusio-Ossola,INAC_R,Tasso di inattività,1,Maschi,Y20-64,20-64 anni,2020,20.708581,,
A,Annuale,ITC14,Verbano-Cusio-Ossola,INAC_R,Tasso di inattività,1,Maschi,Y20-64,20-64 anni,2021,22.67112,,
A,Annuale,ITC14,Verbano-Cusio-Ossola,INAC_R,Tasso di inattività,1,Maschi,Y20-64,20-64 anni,2022,20.110705,,
A,Annuale,ITC14,Verbano-Cusio-Ossola,INAC_R,Tasso di inattività,1,Maschi,Y20-64,20-64 anni,2023,16.423763,,
A,Annuale,ITC14,Verbano-Cusio-Ossola,INAC_R,Tasso di inattività,1,Maschi,Y20-64,20-64 anni,2024,15.734919,,
A,Annuale,ITC14,Verbano-Cusio-Ossola,INAC_R,Tasso di inattività,2,Femmine,Y20-64,20-64 anni,2018,36.941452,,
A,Annuale,ITC14,Verbano-Cusio-Ossola,INAC_R,Tasso di inattività,2,Femmine,Y20-64,20-64 anni,2019,35.605147,,
A,Annuale,ITC14,Verbano-Cusio-Ossola,INAC_R,Tasso di inattività,2,Femmine,Y20-64,20-64 anni,2020,34.703135,,
A,Annuale,ITC14,Verbano-Cusio-Ossola,INAC_R,Tasso di inattività,2,Femmine,Y20-64,20-64 anni,2021,30.869407,,
A,Annuale,ITC14,Verbano-Cusio-Ossola,INAC_R,Tasso di inattività,2,Femmine,Y20-64,20-64 anni,2022,30.609875,,
A,Annuale,ITC14,Verbano-Cusio-Ossola,INAC_R,Tasso di inattività,2,Femmine,Y20-64,20-64 anni,2023,30.538149,,
A,Annuale,ITC14,Verbano-Cusio-Ossola,INAC_R,Tasso di inattività,2,Femmine,Y20-64,20-64 anni,2024,29.3949,,
A,Annuale,ITC20,'Valle d"'Aosta / Vallée d"'Aoste',INAC_R,Tasso di inattività,1,Maschi,Y20-64,20-64 anni,2018,17.572533,,
A,Annuale,ITC20,'Valle d"'Aosta / Vallée d"'Aoste',INAC_R,Tasso di inattività,1,Maschi,Y20-64,20-64 anni,2019,17.24691,,
A,Annuale,ITC20,'Valle d"'Aosta / Vallée d"'Aoste',INAC_R,Tasso di inattività,1,Maschi,Y20-64,20-64 anni,2020,19.281237,,
A,Annuale,ITC20,'Valle d"'Aosta / Vallée d"'Aoste',INAC_R,Tasso di inattività,1,Maschi,Y20-64,20-64 anni,2021,18.791627,,
A,Annuale,ITC20,'Valle d"'Aosta / Vallée d"'Aoste',INAC_R,Tasso di inattività,1,Maschi,Y20-64,20-64 anni,2022,17.424306,,
A,Annuale,ITC20,'Valle d"'Aosta / Vallée d"'Aoste',INAC_R,Tasso di inattività,1,Maschi,Y20-64,20-64 anni,2023,15.533075,,
A,Annuale,ITC20,'Valle d"'Aosta / Vallée d"'Aoste',INAC_R,Tasso di inattività,1,Maschi,Y20-64,20-64 anni,2024,15.278914,,
A,Annuale,ITC20,'Valle d"'Aosta / Vallée d"'Aoste',INAC_R,Tasso di inattività,2,Femmine,Y20-64,20-64 anni,2018,26.093584,,
A,Annuale,ITC20,'Valle d"'Aosta / Vallée d"'Aoste',INAC_R,Tasso di inattività,2,Femmine,Y20-64,20-64 anni,2019,26.063742,,
A,Annuale,ITC20,'Valle d"'Aosta / Vallée d"'Aoste',INAC_R,Tasso di inattività,2,Femmine,Y20-64,20-64 anni,2020,28.888889,,
A,Annuale,ITC20,'Valle d"'Aosta / Vallée d"'Aoste',INAC_R,Tasso di inattività,2,Femmine,Y20-64,20-64 anni,2021,26.98077,,
A,Annuale,ITC20,'Valle d"'Aosta / Vallée d"'Aoste',INAC_R,Tasso di inattività,2,Femmine,Y20-64,20-64 anni,2022,24.539258,,
A,Annuale,ITC20,'Valle d"'Aosta / Vallée d"'Aoste',INAC_R,Tasso di inattività,2,Femmine,Y20-64,20-64 anni,2023,23.703683,,
A,Annuale,ITC20,'Valle d"'Aosta / Vallée d"'Aoste',INAC_R,Tasso di inattività,2,Femmine,Y20-64,20-64 anni,2024,23.286316,,
A,Annuale,ITC31,Imperia,INAC_R,Tasso di inattività,1,Maschi,Y20-64,20-64 anni,2018,17.210218,,
A,Annuale,ITC31,Imperia,INAC_R,Tasso di inattività,1,Maschi,Y20-64,20-64 anni,2019,18.234595,,
A,Annuale,ITC31,Imperia,INAC_R,Tasso di inattività,1,Maschi,Y20-64,20-64 anni,2020,22.712145,,
A,Annuale,ITC31,Imperia,INAC_R,Tasso di inattività,1,Maschi,Y20-64,20-64 anni,2021,21.695363,,
A,Annuale,ITC31,Imperia,INAC_R,Tasso di inattività,1,Maschi,Y20-64,20-64 anni,2022,16.387464,,
A,Annuale,ITC31,Imperia,INAC_R,Tasso di inattività,1,Maschi,Y20-64,20-64 anni,2023,18.386317,,
A,Annuale,ITC31,Imperia,INAC_R,Tasso di inattività,1,Maschi,Y20-64,20-64 anni,2024,15.650883,,
A,Annuale,ITC31,Imperia,INAC_R,Tasso di inattività,2,Femmine,Y20-64,20-64 anni,2018,36.811405,,
A,Annuale,ITC31,Imperia,INAC_R,Tasso di inattività,2,Femmine,Y20-64,20-64 anni,2019,34.408566,,
A,Annuale,ITC31,Imperia,INAC_R,Tasso di inattività,2,Femmine,Y20-64,20-64 anni,2020,39.31082,,
A,Annuale,ITC31,Imperia,INAC_R,Tasso di inattività,2,Femmine,Y20-64,20-64 anni,2021,34.613369,,
A,Annuale,ITC31,Imperia,INAC_R,Tasso di inattività,2,Femmine,Y20-64,20-64 anni,2022,36.14948,,
A,Annuale,ITC31,Imperia,INAC_R,Tasso di inattività,2,Femmine,Y20-64,20-64 anni,2023,34.846188,,
A,Annuale,ITC31,Imperia,INAC_R,Tasso di inattività,2,Femmine,Y20-64,20-64 anni,2024,35.219354,,
A,Annuale,ITC32,Savona,INAC_R,Tasso di inattività,1,Maschi,Y20-64,20-64 anni,2018,15.969642,,
A,Annuale,ITC32,Savona,INAC_R,Tasso di inattività,1,Maschi,Y20-64,20-64 anni,2019,19.363463,,
A,Annuale,ITC32,Savona,INAC_R,Tasso di inattività,1,Maschi,Y20-64,20-64 anni,2020,21.593496,,
A,Annuale,ITC32,Savona,INAC_R,Tasso di inattività,1,Maschi,Y20-64,20-64 anni,2021,19.197973,,
A,Annuale,ITC32,Savona,INAC_R,Tasso di inattività,1,Maschi,Y20-64,20-64 anni,2022,15.088915,,
A,Annuale,ITC32,Savona,INAC_R,Tasso di inattività,1,Maschi,Y20-64,20-64 anni,2023,18.587196,,
A,Annuale,ITC32,Savona,INAC_R,Tasso di inattività,1,Maschi,Y20-64,20-64 anni,2024,19.58999,,
A,Annuale,ITC32,Savona,INAC_R,Tasso di inattività,2,Femmine,Y20-64,20-64 anni,2018,37.908885,,
A,Annuale,ITC32,Savona,INAC_R,Tasso di inattività,2,Femmine,Y20-64,20-64 anni,2019,34.974644,,
A,Annuale,ITC32,Savona,INAC_R,Tasso di inattività,2,Femmine,Y20-64,20-64 anni,2020,38.391251,,
A,Annuale,ITC32,Savona,INAC_R,Tasso di inattività,2,Femmine,Y20-64,20-64 anni,2021,36.175422,,
A,Annuale,ITC32,Savona,INAC_R,Tasso di inattività,2,Femmine,Y20-64,20-64 anni,2022,36.285903,,
A,Annuale,ITC32,Savona,INAC_R,Tasso di inattività,2,Femmine,Y20-64,20-64 anni,2023,34.221259,,
A,Annuale,ITC32,Savona,INAC_R,Tasso di inattività,2,Femmine,Y20-64,20-64 anni,2024,35.397432,,
A,Annuale,ITC33,Genova,INAC_R,Tasso di inattività,1,Maschi,Y20-64,20-64 anni,2018,18.144017,,
A,Annuale,ITC33,Genova,INAC_R,Tasso di inattività,1,Maschi,Y20-64,20-64 anni,2019,18.821591,,
A,Annuale,ITC33,Genova,INAC_R,Tasso di inattività,1,Maschi,Y20-64,20-64 anni,2020,21.272217,,
A,Annuale,ITC33,Genova,INAC_R,Tasso di inattività,1,Maschi,Y20-64,20-64 anni,2021,18.279009,,
A,Annuale,ITC33,Genova,INAC_R,Tasso di inattività,1,Maschi,Y20-64,20-64 anni,2022,14.122807,,
A,Annuale,ITC33,Genova,INAC_R,Tasso di inattività,1,Maschi,Y20-64,20-64 anni,2023,14.176714,,
A,Annuale,ITC33,Genova,INAC_R,Tasso di inattività,1,Maschi,Y20-64,20-64 anni,2024,14.670705,,
A,Annuale,ITC33,Genova,INAC_R,Tasso di inattività,2,Femmine,Y20-64,20-64 anni,2018,29.226639,,
A,Annuale,ITC33,Genova,INAC_R,Tasso di inattività,2,Femmine,Y20-64,20-64 anni,2019,29.815684,,
A,Annuale,ITC33,Genova,INAC_R,Tasso di inattività,2,Femmine,Y20-64,20-64 anni,2020,33.206547,,
A,Annuale,ITC33,Genova,INAC_R,Tasso di inattività,2,Femmine,Y20-64,20-64 anni,2021,31.539145,,
A,Annuale,ITC33,Genova,INAC_R,Tasso di inattività,2,Femmine,Y20-64,20-64 anni,2022,30.735212,,
A,Annuale,ITC33,Genova,INAC_R,Tasso di inattività,2,Femmine,Y20-64,20-64 anni,2023,27.931569,,
A,Annuale,ITC33,Genova,INAC_R,Tasso di inattività,2,Femmine,Y20-64,20-64 anni,2024,29.648266,,
A,Annuale,ITC34,La Spezia,INAC_R,Tasso di inattività,1,Maschi,Y20-64,20-64 anni,2018,18.444902,,
A,Annuale,ITC34,La Spezia,INAC_R,Tasso di inattività,1,Maschi,Y20-64,20-64 anni,2019,17.79701,,
A,Annuale,ITC34,La Spezia,INAC_R,Tasso di inattività,1,Maschi,Y20-64,20-64 anni,2020,16.930112,,
A,Annuale,ITC34,La Spezia,INAC_R,Tasso di inattività,1,Maschi,Y20-64,20-64 anni,2021,15.222545,,
A,Annuale,ITC34,La Spezia,INAC_R,Tasso di inattività,1,Maschi,Y20-64,20-64 anni,2022,17.577139,,
A,Annuale,ITC34,La Spezia,INAC_R,Tasso di inattività,1,Maschi,Y20-64,20-64 anni,2023,15.625815,,
A,Annuale,ITC34,La Spezia,INAC_R,Tasso di inattività,1,Maschi,Y20-64,20-64 anni,2024,17.819205,,
A,Annuale,ITC34,La Spezia,INAC_R,Tasso di inattività,2,Femmine,Y20-64,20-64 anni,2018,36.187455,,
A,Annuale,ITC34,La Spezia,INAC_R,Tasso di inattività,2,Femmine,Y20-64,20-64 anni,2019,32.337294,,
A,Annuale,ITC34,La Spezia,INAC_R,Tasso di inattività,2,Femmine,Y20-64,20-64 anni,2020,34.943307,,
A,Annuale,ITC34,La Spezia,INAC_R,Tasso di inattività,2,Femmine,Y20-64,20-64 anni,2021,33.995443,,
A,Annuale,ITC34,La Spezia,INAC_R,Tasso di inattività,2,Femmine,Y20-64,20-64 anni,2022,33.182043,,
A,Annuale,ITC34,La Spezia,INAC_R,Tasso di inattività,2,Femmine,Y20-64,20-64 anni,2023,32.260164,,
A,Annuale,ITC34,La Spezia,INAC_R,Tasso di inattività,2,Femmine,Y20-64,20-64 anni,2024,30.335308,,
A,Annuale,ITC41,Varese,INAC_R,Tasso di inattività,1,Maschi,Y20-64,20-64 anni,2018,14.89708,,
A,Annuale,ITC41,Varese,INAC_R,Tasso di inattività,1,Maschi,Y20-64,20-64 anni,2019,16.831691,,
A,Annuale,ITC41,Varese,INAC_R,Tasso di inattività,1,Maschi,Y20-64,20-64 anni,2020,17.721962,,
A,Annuale,ITC41,Varese,INAC_R,Tasso di inattività,1,Maschi,Y20-64,20-64 anni,2021,17.293587,,
A,Annuale,ITC41,Varese,INAC_R,Tasso di inattività,1,Maschi,Y20-64,20-64 anni,2022,16.801482,,
A,Annuale,ITC41,Varese,INAC_R,Tasso di inattività,1,Maschi,Y20-64,20-64 anni,2023,15.207001,,
A,Annuale,ITC41,Varese,INAC_R,Tasso di inattività,1,Maschi,Y20-64,20-64 anni,2024,15.469755,,
A,Annuale,ITC41,Varese,INAC_R,Tasso di inattività,2,Femmine,Y20-64,20-64 anni,2018,31.570658,,
A,Annuale,ITC41,Varese,INAC_R,Tasso di inattività,2,Femmine,Y20-64,20-64 anni,2019,32.486269,,
A,Annuale,ITC41,Varese,INAC_R,Tasso di inattività,2,Femmine,Y20-64,20-64 anni,2020,35.604459,,
A,Annuale,ITC41,Varese,INAC_R,Tasso di inattività,2,Femmine,Y20-64,20-64 anni,2021,31.777163,,
A,Annuale,ITC41,Varese,INAC_R,Tasso di inattività,2,Femmine,Y20-64,20-64 anni,2022,32.353467,,
A,Annuale,ITC41,Varese,INAC_R,Tasso di inattività,2,Femmine,Y20-64,20-64 anni,2023,29.56015,,
A,Annuale,ITC41,Varese,INAC_R,Tasso di inattività,2,Femmine,Y20-64,20-64 anni,2024,30.591365,,
A,Annuale,ITC42,Como,INAC_R,Tasso di inattività,1,Maschi,Y20-64,20-64 anni,2018,13.901039,,
A,Annuale,ITC42,Como,INAC_R,Tasso di inattività,1,Maschi,Y20-64,20-64 anni,2019,13.831796,,
A,Annuale,ITC42,Como,INAC_R,Tasso di inattività,1,Maschi,Y20-64,20-64 anni,2020,17.945491,,
A,Annuale,ITC42,Como,INAC_R,Tasso di inattività,1,Maschi,Y20-64,20-64 anni,2021,17.803489,,
A,Annuale,ITC42,Como,INAC_R,Tasso di inattività,1,Maschi,Y20-64,20-64 anni,2022,16.478517,,
A,Annuale,ITC42,Como,INAC_R,Tasso di inattività,1,Maschi,Y20-64,20-64 anni,2023,15.713607,,
A,Annuale,ITC42,Como,INAC_R,Tasso di inattività,1,Maschi,Y20-64,20-64 anni,2024,16.245024,,
A,Annuale,ITC42,Como,INAC_R,Tasso di inattività,2,Femmine,Y20-64,20-64 anni,2018,31.618486,,
A,Annuale,ITC42,Como,INAC_R,Tasso di inattività,2,Femmine,Y20-64,20-64 anni,2019,32.115579,,
A,Annuale,ITC42,Como,INAC_R,Tasso di inattività,2,Femmine,Y20-64,20-64 anni,2020,34.502718,,
A,Annuale,ITC42,Como,INAC_R,Tasso di inattività,2,Femmine,Y20-64,20-64 anni,2021,31.099566,,
A,Annuale,ITC42,Como,INAC_R,Tasso di inattività,2,Femmine,Y20-64,20-64 anni,2022,30.046133,,
A,Annuale,ITC42,Como,INAC_R,Tasso di inattività,2,Femmine,Y20-64,20-64 anni,2023,29.649406,,
A,Annuale,ITC42,Como,INAC_R,Tasso di inattività,2,Femmine,Y20-64,20-64 anni,2024,30.686014,,
A,Annuale,ITC44,Sondrio,INAC_R,Tasso di inattività,1,Maschi,Y20-64,20-64 anni,2018,17.111501,,
A,Annuale,ITC44,Sondrio,INAC_R,Tasso di inattività,1,Maschi,Y20-64,20-64 anni,2019,15.754982,,
A,Annuale,ITC44,Sondrio,INAC_R,Tasso di inattività,1,Maschi,Y20-64,20-64 anni,2020,19.424111,,
A,Annuale,ITC44,Sondrio,INAC_R,Tasso di inattività,1,Maschi,Y20-64,20-64 anni,2021,19.304902,,
A,Annuale,ITC44,Sondrio,INAC_R,Tasso di inattività,1,Maschi,Y20-64,20-64 anni,2022,17.574262,,
A,Annuale,ITC44,Sondrio,INAC_R,Tasso di inattività,1,Maschi,Y20-64,20-64 anni,2023,18.657806,,
A,Annuale,ITC44,Sondrio,INAC_R,Tasso di inattività,1,Maschi,Y20-64,20-64 anni,2024,16.12928,,
A,Annuale,ITC44,Sondrio,INAC_R,Tasso di inattività,2,Femmine,Y20-64,20-64 anni,2018,33.367866,,
A,Annuale,ITC44,Sondrio,INAC_R,Tasso di inattività,2,Femmine,Y20-64,20-64 anni,2019,32.61282,,
A,Annuale,ITC44,Sondrio,INAC_R,Tasso di inattività,2,Femmine,Y20-64,20-64 anni,2020,34.348323,,
A,Annuale,ITC44,Sondrio,INAC_R,Tasso di inattività,2,Femmine,Y20-64,20-64 anni,2021,33.5099,,
A,Annuale,ITC44,Sondrio,INAC_R,Tasso di inattività,2,Femmine,Y20-64,20-64 anni,2022,31.504959,,
A,Annuale,ITC44,Sondrio,INAC_R,Tasso di inattività,2,Femmine,Y20-64,20-64 anni,2023,34.488593,,
A,Annuale,ITC44,Sondrio,INAC_R,Tasso di inattività,2,Femmine,Y20-64,20-64 anni,2024,37.217518,,
A,Annuale,ITC45,Milano,INAC_R,Tasso di inattività,1,Maschi,Y20-64,20-64 anni,2018,14.817595,,
A,Annuale,ITC45,Milano,INAC_R,Tasso di inattività,1,Maschi,Y20-64,20-64 anni,2019,14.07381,,
A,Annuale,ITC45,Milano,INAC_R,Tasso di inattività,1,Maschi,Y20-64,20-64 anni,2020,17.557419,,
A,Annuale,ITC45,Milano,INAC_R,Tasso di inattività,1,Maschi,Y20-64,20-64 anni,2021,16.483989,,
A,Annuale,ITC45,Milano,INAC_R,Tasso di inattività,1,Maschi,Y20-64,20-64 anni,2022,14.259803,,
A,Annuale,ITC45,Milano,INAC_R,Tasso di inattività,1,Maschi,Y20-64,20-64 anni,2023,13.956128,,
A,Annuale,ITC45,Milano,INAC_R,Tasso di inattività,1,Maschi,Y20-64,20-64 anni,2024,13.332749,,
A,Annuale,ITC45,Milano,INAC_R,Tasso di inattività,2,Femmine,Y20-64,20-64 anni,2018,25.869823,,
A,Annuale,ITC45,Milano,INAC_R,Tasso di inattività,2,Femmine,Y20-64,20-64 anni,2019,24.947712,,
A,Annuale,ITC45,Milano,INAC_R,Tasso di inattività,2,Femmine,Y20-64,20-64 anni,2020,27.977307,,
A,Annuale,ITC45,Milano,INAC_R,Tasso di inattività,2,Femmine,Y20-64,20-64 anni,2021,27.738265,,
A,Annuale,ITC45,Milano,INAC_R,Tasso di inattività,2,Femmine,Y20-64,20-64 anni,2022,26.330714,,
A,Annuale,ITC45,Milano,INAC_R,Tasso di inattività,2,Femmine,Y20-64,20-64 anni,2023,25.769973,,
A,Annuale,ITC45,Milano,INAC_R,Tasso di inattività,2,Femmine,Y20-64,20-64 anni,2024,24.870011,,
A,Annuale,ITC46,Bergamo,INAC_R,Tasso di inattività,1,Maschi,Y20-64,20-64 anni,2018,13.974749,,
A,Annuale,ITC46,Bergamo,INAC_R,Tasso di inattività,1,Maschi,Y20-64,20-64 anni,2019,13.583462,,
A,Annuale,ITC46,Bergamo,INAC_R,Tasso di inattività,1,Maschi,Y20-64,20-64 anni,2020,16.525183,,
A,Annuale,ITC46,Bergamo,INAC_R,Tasso di inattività,1,Maschi,Y20-64,20-64 anni,2021,17.298436,,
A,Annuale,ITC46,Bergamo,INAC_R,Tasso di inattività,1,Maschi,Y20-64,20-64 anni,2022,15.090275,,
A,Annuale,ITC46,Bergamo,INAC_R,Tasso di inattività,1,Maschi,Y20-64,20-64 anni,2023,14.528141,,
A,Annuale,ITC46,Bergamo,INAC_R,Tasso di inattività,1,Maschi,Y20-64,20-64 anni,2024,15.963745,,
A,Annuale,ITC46,Bergamo,INAC_R,Tasso di inattività,2,Femmine,Y20-64,20-64 anni,2018,37.738574,,
A,Annuale,ITC46,Bergamo,INAC_R,Tasso di inattività,2,Femmine,Y20-64,20-64 anni,2019,39.44609,,
A,Annuale,ITC46,Bergamo,INAC_R,Tasso di inattività,2,Femmine,Y20-64,20-64 anni,2020,39.589693,,
A,Annuale,ITC46,Bergamo,INAC_R,Tasso di inattività,2,Femmine,Y20-64,20-64 anni,2021,36.345505,,
A,Annuale,ITC46,Bergamo,INAC_R,Tasso di inattività,2,Femmine,Y20-64,20-64 anni,2022,34.888805,,
A,Annuale,ITC46,Bergamo,INAC_R,Tasso di inattività,2,Femmine,Y20-64,20-64 anni,2023,35.838765,,
A,Annuale,ITC46,Bergamo,INAC_R,Tasso di inattività,2,Femmine,Y20-64,20-64 anni,2024,33.88897,,
A,Annuale,ITC47,Brescia,INAC_R,Tasso di inattività,1,Maschi,Y20-64,20-64 anni,2018,12.157762,,
A,Annuale,ITC47,Brescia,INAC_R,Tasso di inattività,1,Maschi,Y20-64,20-64 anni,2019,13.565376,,
A,Annuale,ITC47,Brescia,INAC_R,Tasso di inattività,1,Maschi,Y20-64,20-64 anni,2020,14.736155,,
A,Annuale,ITC47,Brescia,INAC_R,Tasso di inattività,1,Maschi,Y20-64,20-64 anni,2021,13.243052,,
A,Annuale,ITC47,Brescia,INAC_R,Tasso di inattività,1,Maschi,Y20-64,20-64 anni,2022,15.567705,,
A,Annuale,ITC47,Brescia,INAC_R,Tasso di inattività,1,Maschi,Y20-64,20-64 anni,2023,15.50297,,
A,Annuale,ITC47,Brescia,INAC_R,Tasso di inattività,1,Maschi,Y20-64,20-64 anni,2024,16.049973,,
A,Annuale,ITC47,Brescia,INAC_R,Tasso di inattività,2,Femmine,Y20-64,20-64 anni,2018,36.876685,,
A,Annuale,ITC47,Brescia,INAC_R,Tasso di inattività,2,Femmine,Y20-64,20-64 anni,2019,35.913688,,
A,Annuale,ITC47,Brescia,INAC_R,Tasso di inattività,2,Femmine,Y20-64,20-64 anni,2020,38.522604,,
A,Annuale,ITC47,Brescia,INAC_R,Tasso di inattività,2,Femmine,Y20-64,20-64 anni,2021,36.583183,,
A,Annuale,ITC47,Brescia,INAC_R,Tasso di inattività,2,Femmine,Y20-64,20-64 anni,2022,36.6671,,
A,Annuale,ITC47,Brescia,INAC_R,Tasso di inattività,2,Femmine,Y20-64,20-64 anni,2023,35.978775,,
A,Annuale,ITC47,Brescia,INAC_R,Tasso di inattività,2,Femmine,Y20-64,20-64 anni,2024,35.495111,,
A,Annuale,ITC48,Pavia,INAC_R,Tasso di inattività,1,Maschi,Y20-64,20-64 anni,2018,17.427495,,
A,Annuale,ITC48,Pavia,INAC_R,Tasso di inattività,1,Maschi,Y20-64,20-64 anni,2019,16.00297,,
A,Annuale,ITC48,Pavia,INAC_R,Tasso di inattività,1,Maschi,Y20-64,20-64 anni,2020,19.485403,,
A,Annuale,ITC48,Pavia,INAC_R,Tasso di inattività,1,Maschi,Y20-64,20-64 anni,2021,18.575436,,
A,Annuale,ITC48,Pavia,INAC_R,Tasso di inattività,1,Maschi,Y20-64,20-64 anni,2022,16.414318,,
A,Annuale,ITC48,Pavia,INAC_R,Tasso di inattività,1,Maschi,Y20-64,20-64 anni,2023,15.662098,,
A,Annuale,ITC48,Pavia,INAC_R,Tasso di inattività,1,Maschi,Y20-64,20-64 anni,2024,17.123253,,
A,Annuale,ITC48,Pavia,INAC_R,Tasso di inattività,2,Femmine,Y20-64,20-64 anni,2018,31.952054,,
A,Annuale,ITC48,Pavia,INAC_R,Tasso di inattività,2,Femmine,Y20-64,20-64 anni,2019,29.246326,,
A,Annuale,ITC48,Pavia,INAC_R,Tasso di inattività,2,Femmine,Y20-64,20-64 anni,2020,34.225993,,
A,Annuale,ITC48,Pavia,INAC_R,Tasso di inattività,2,Femmine,Y20-64,20-64 anni,2021,32.764175,,
A,Annuale,ITC48,Pavia,INAC_R,Tasso di inattività,2,Femmine,Y20-64,20-64 anni,2022,31.850604,,
A,Annuale,ITC48,Pavia,INAC_R,Tasso di inattività,2,Femmine,Y20-64,20-64 anni,2023,31.510319,,
A,Annuale,ITC48,Pavia,INAC_R,Tasso di inattività,2,Femmine,Y20-64,20-64 anni,2024,32.854466,,
A,Annuale,ITC4A,Cremona,INAC_R,Tasso di inattività,1,Maschi,Y20-64,20-64 anni,2018,13.445493,,
A,Annuale,ITC4A,Cremona,INAC_R,Tasso di inattività,1,Maschi,Y20-64,20-64 anni,2019,14.201115,,
A,Annuale,ITC4A,Cremona,INAC_R,Tasso di inattività,1,Maschi,Y20-64,20-64 anni,2020,19.859765,,
A,Annuale,ITC4A,Cremona,INAC_R,Tasso di inattività,1,Maschi,Y20-64,20-64 anni,2021,18.665455,,
A,Annuale,ITC4A,Cremona,INAC_R,Tasso di inattività,1,Maschi,Y20-64,20-64 anni,2022,15.849258,,
A,Annuale,ITC4A,Cremona,INAC_R,Tasso di inattività,1,Maschi,Y20-64,20-64 anni,2023,13.688772,,
A,Annuale,ITC4A,Cremona,INAC_R,Tasso di inattività,1,Maschi,Y20-64,20-64 anni,2024,13.653215,,
A,Annuale,ITC4A,Cremona,INAC_R,Tasso di inattività,2,Femmine,Y20-64,20-64 anni,2018,35.761564,,
A,Annuale,ITC4A,Cremona,INAC_R,Tasso di inattività,2,Femmine,Y20-64,20-64 anni,2019,35.168638,,
A,Annuale,ITC4A,Cremona,INAC_R,Tasso di inattività,2,Femmine,Y20-64,20-64 anni,2020,39.012225,,
A,Annuale,ITC4A,Cremona,INAC_R,Tasso di inattività,2,Femmine,Y20-64,20-64 anni,2021,36.933056,,
A,Annuale,ITC4A,Cremona,INAC_R,Tasso di inattività,2,Femmine,Y20-64,20-64 anni,2022,37.039806,,
A,Annuale,ITC4A,Cremona,INAC_R,Tasso di inattività,2,Femmine,Y20-64,20-64 anni,2023,34.36343,,
A,Annuale,ITC4A,Cremona,INAC_R,Tasso di inattività,2,Femmine,Y20-64,20-64 anni,2024,33.11457,,
A,Annuale,ITC4B,Mantova,INAC_R,Tasso di inattività,1,Maschi,Y20-64,20-64 anni,2018,14.602993,,
A,Annuale,ITC4B,Mantova,INAC_R,Tasso di inattività,1,Maschi,Y20-64,20-64 anni,2019,14.406932,,
A,Annuale,ITC4B,Mantova,INAC_R,Tasso di inattività,1,Maschi,Y20-64,20-64 anni,2020,15.796739,,
A,Annuale,ITC4B,Mantova,INAC_R,Tasso di inattività,1,Maschi,Y20-64,20-64 anni,2021,15.058582,,
A,Annuale,ITC4B,Mantova,INAC_R,Tasso di inattività,1,Maschi,Y20-64,20-64 anni,2022,12.213906,,
A,Annuale,ITC4B,Mantova,INAC_R,Tasso di inattività,1,Maschi,Y20-64,20-64 anni,2023,14.747491,,
A,Annuale,ITC4B,Mantova,INAC_R,Tasso di inattività,1,Maschi,Y20-64,20-64 anni,2024,14.37415,,
A,Annuale,ITC4B,Mantova,INAC_R,Tasso di inattività,2,Femmine,Y20-64,20-64 anni,2018,34.009495,,
A,Annuale,ITC4B,Mantova,INAC_R,Tasso di inattività,2,Femmine,Y20-64,20-64 anni,2019,30.151184,,
A,Annuale,ITC4B,Mantova,INAC_R,Tasso di inattività,2,Femmine,Y20-64,20-64 anni,2020,36.545707,,
A,Annuale,ITC4B,Mantova,INAC_R,Tasso di inattività,2,Femmine,Y20-64,20-64 anni,2021,36.923622,,
A,Annuale,ITC4B,Mantova,INAC_R,Tasso di inattività,2,Femmine,Y20-64,20-64 anni,2022,31.986908,,
A,Annuale,ITC4B,Mantova,INAC_R,Tasso di inattività,2,Femmine,Y20-64,20-64 anni,2023,30.073356,,
A,Annuale,ITC4B,Mantova,INAC_R,Tasso di inattività,2,Femmine,Y20-64,20-64 anni,2024,32.661346,,
A,Annuale,ITC43,Lecco,INAC_R,Tasso di inattività,1,Maschi,Y20-64,20-64 anni,2018,15.734383,,
A,Annuale,ITC43,Lecco,INAC_R,Tasso di inattività,1,Maschi,Y20-64,20-64 anni,2019,14.159996,,
A,Annuale,ITC43,Lecco,INAC_R,Tasso di inattività,1,Maschi,Y20-64,20-64 anni,2020,14.586834,,
A,Annuale,ITC43,Lecco,INAC_R,Tasso di inattività,1,Maschi,Y20-64,20-64 anni,2021,15.553034,,
A,Annuale,ITC43,Lecco,INAC_R,Tasso di inattività,1,Maschi,Y20-64,20-64 anni,2022,18.298171,,
A,Annuale,ITC43,Lecco,INAC_R,Tasso di inattività,1,Maschi,Y20-64,20-64 anni,2023,16.819211,,
A,Annuale,ITC43,Lecco,INAC_R,Tasso di inattività,1,Maschi,Y20-64,20-64 anni,2024,17.456974,,
A,Annuale,ITC43,Lecco,INAC_R,Tasso di inattività,2,Femmine,Y20-64,20-64 anni,2018,30.048795,,
A,Annuale,ITC43,Lecco,INAC_R,Tasso di inattività,2,Femmine,Y20-64,20-64 anni,2019,29.963696,,
A,Annuale,ITC43,Lecco,INAC_R,Tasso di inattività,2,Femmine,Y20-64,20-64 anni,2020,30.158547,,
A,Annuale,ITC43,Lecco,INAC_R,Tasso di inattività,2,Femmine,Y20-64,20-64 anni,2021,34.000546,,
A,Annuale,ITC43,Lecco,INAC_R,Tasso di inattività,2,Femmine,Y20-64,20-64 anni,2022,33.956243,,
A,Annuale,ITC43,Lecco,INAC_R,Tasso di inattività,2,Femmine,Y20-64,20-64 anni,2023,32.279053,,
A,Annuale,ITC43,Lecco,INAC_R,Tasso di inattività,2,Femmine,Y20-64,20-64 anni,2024,32.602313,,
A,Annuale,ITC49,Lodi,INAC_R,Tasso di inattività,1,Maschi,Y20-64,20-64 anni,2018,14.839503,,
A,Annuale,ITC49,Lodi,INAC_R,Tasso di inattività,1,Maschi,Y20-64,20-64 anni,2019,15.395809,,
A,Annuale,ITC49,Lodi,INAC_R,Tasso di inattività,1,Maschi,Y20-64,20-64 anni,2020,16.502557,,
A,Annuale,ITC49,Lodi,INAC_R,Tasso di inattività,1,Maschi,Y20-64,20-64 anni,2021,14.035731,,
A,Annuale,ITC49,Lodi,INAC_R,Tasso di inattività,1,Maschi,Y20-64,20-64 anni,2022,14.007241,,
A,Annuale,ITC49,Lodi,INAC_R,Tasso di inattività,1,Maschi,Y20-64,20-64 anni,2023,14.661062,,
A,Annuale,ITC49,Lodi,INAC_R,Tasso di inattività,1,Maschi,Y20-64,20-64 anni,2024,16.985135,,
A,Annuale,ITC49,Lodi,INAC_R,Tasso di inattività,2,Femmine,Y20-64,20-64 anni,2018,34.614518,,
A,Annuale,ITC49,Lodi,INAC_R,Tasso di inattività,2,Femmine,Y20-64,20-64 anni,2019,34.190543,,
A,Annuale,ITC49,Lodi,INAC_R,Tasso di inattività,2,Femmine,Y20-64,20-64 anni,2020,35.27611,,
A,Annuale,ITC49,Lodi,INAC_R,Tasso di inattività,2,Femmine,Y20-64,20-64 anni,2021,32.021131,,
A,Annuale,ITC49,Lodi,INAC_R,Tasso di inattività,2,Femmine,Y20-64,20-64 anni,2022,31.442368,,
A,Annuale,ITC49,Lodi,INAC_R,Tasso di inattività,2,Femmine,Y20-64,20-64 anni,2023,33.685116,,
A,Annuale,ITC49,Lodi,INAC_R,Tasso di inattività,2,Femmine,Y20-64,20-64 anni,2024,38.609632,,
A,Annuale,IT108,Monza e della Brianza,INAC_R,Tasso di inattività,1,Maschi,Y20-64,20-64 anni,2018,14.812022,,
A,Annuale,IT108,Monza e della Brianza,INAC_R,Tasso di inattività,1,Maschi,Y20-64,20-64 anni,2019,12.731645,,
A,Annuale,IT108,Monza e della Brianza,INAC_R,Tasso di inattività,1,Maschi,Y20-64,20-64 anni,2020,17.344585,,
A,Annuale,IT108,Monza e della Brianza,INAC_R,Tasso di inattività,1,Maschi,Y20-64,20-64 anni,2021,18.342113,,
A,Annuale,IT108,Monza e della Brianza,INAC_R,Tasso di inattività,1,Maschi,Y20-64,20-64 anni,2022,15.388215,,
A,Annuale,IT108,Monza e della Brianza,INAC_R,Tasso di inattività,1,Maschi,Y20-64,20-64 anni,2023,15.839079,,
A,Annuale,IT108,Monza e della Brianza,INAC_R,Tasso di inattività,1,Maschi,Y20-64,20-64 anni,2024,15.536525,,
A,Annuale,IT108,Monza e della Brianza,INAC_R,Tasso di inattività,2,Femmine,Y20-64,20-64 anni,2018,31.360073,,
A,Annuale,IT108,Monza e della Brianza,INAC_R,Tasso di inattività,2,Femmine,Y20-64,20-64 anni,2019,29.144674,,
A,Annuale,IT108,Monza e della Brianza,INAC_R,Tasso di inattività,2,Femmine,Y20-64,20-64 anni,2020,28.974331,,
A,Annuale,IT108,Monza e della Brianza,INAC_R,Tasso di inattività,2,Femmine,Y20-64,20-64 anni,2021,26.600039,,
A,Annuale,IT108,Monza e della Brianza,INAC_R,Tasso di inattività,2,Femmine,Y20-64,20-64 anni,2022,29.087733,,
A,Annuale,IT108,Monza e della Brianza,INAC_R,Tasso di inattività,2,Femmine,Y20-64,20-64 anni,2023,26.525743,,
A,Annuale,IT108,Monza e della Brianza,INAC_R,Tasso di inattività,2,Femmine,Y20-64,20-64 anni,2024,26.248296,,
A,Annuale,ITD1,Provincia Autonoma Bolzano / Bozen,INAC_R,Tasso di inattività,1,Maschi,Y20-64,20-64 anni,2018,12.836729,,
A,Annuale,ITD1,Provincia Autonoma Bolzano / Bozen,INAC_R,Tasso di inattività,1,Maschi,Y20-64,20-64 anni,2019,12.448808,,
A,Annuale,ITD1,Provincia Autonoma Bolzano / Bozen,INAC_R,Tasso di inattività,1,Maschi,Y20-64,20-64 anni,2020,13.313219,,
A,Annuale,ITD1,Provincia Autonoma Bolzano / Bozen,INAC_R,Tasso di inattività,1,Maschi,Y20-64,20-64 anni,2021,14.229257,,
A,Annuale,ITD1,Provincia Autonoma Bolzano / Bozen,INAC_R,Tasso di inattività,1,Maschi,Y20-64,20-64 anni,2022,14.015415,,
A,Annuale,ITD1,Provincia Autonoma Bolzano / Bozen,INAC_R,Tasso di inattività,1,Maschi,Y20-64,20-64 anni,2023,13.738093,,
A,Annuale,ITD1,Provincia Autonoma Bolzano / Bozen,INAC_R,Tasso di inattività,1,Maschi,Y20-64,20-64 anni,2024,12.583506,,
A,Annuale,ITD1,Provincia Autonoma Bolzano / Bozen,INAC_R,Tasso di inattività,2,Femmine,Y20-64,20-64 anni,2018,24.210629,,
A,Annuale,ITD1,Provincia Autonoma Bolzano / Bozen,INAC_R,Tasso di inattività,2,Femmine,Y20-64,20-64 anni,2019,24.155811,,
A,Annuale,ITD1,Provincia Autonoma Bolzano / Bozen,INAC_R,Tasso di inattività,2,Femmine,Y20-64,20-64 anni,2020,26.675729,,
A,Annuale,ITD1,Provincia Autonoma Bolzano / Bozen,INAC_R,Tasso di inattività,2,Femmine,Y20-64,20-64 anni,2021,28.223419,,
A,Annuale,ITD1,Provincia Autonoma Bolzano / Bozen,INAC_R,Tasso di inattività,2,Femmine,Y20-64,20-64 anni,2022,24.055587,,
A,Annuale,ITD1,Provincia Autonoma Bolzano / Bozen,INAC_R,Tasso di inattività,2,Femmine,Y20-64,20-64 anni,2023,24.011395,,
A,Annuale,ITD1,Provincia Autonoma Bolzano / Bozen,INAC_R,Tasso di inattività,2,Femmine,Y20-64,20-64 anni,2024,24.487716,,
A,Annuale,ITD2,Provincia Autonoma Trento,INAC_R,Tasso di inattività,1,Maschi,Y20-64,20-64 anni,2018,15.955693,,
A,Annuale,ITD2,Provincia Autonoma Trento,INAC_R,Tasso di inattività,1,Maschi,Y20-64,20-64 anni,2019,15.594157,,
A,Annuale,ITD2,Provincia Autonoma Trento,INAC_R,Tasso di inattività,1,Maschi,Y20-64,20-64 anni,2020,17.622886,,
A,Annuale,ITD2,Provincia Autonoma Trento,INAC_R,Tasso di inattività,1,Maschi,Y20-64,20-64 anni,2021,17.801701,,
A,Annuale,ITD2,Provincia Autonoma Trento,INAC_R,Tasso di inattività,1,Maschi,Y20-64,20-64 anni,2022,16.88343,,
A,Annuale,ITD2,Provincia Autonoma Trento,INAC_R,Tasso di inattività,1,Maschi,Y20-64,20-64 anni,2023,16.026176,,
A,Annuale,ITD2,Provincia Autonoma Trento,INAC_R,Tasso di inattività,1,Maschi,Y20-64,20-64 anni,2024,15.156901,,
A,Annuale,ITD2,Provincia Autonoma Trento,INAC_R,Tasso di inattività,2,Femmine,Y20-64,20-64 anni,2018,29.454467,,
A,Annuale,ITD2,Provincia Autonoma Trento,INAC_R,Tasso di inattività,2,Femmine,Y20-64,20-64 anni,2019,28.881702,,
A,Annuale,ITD2,Provincia Autonoma Trento,INAC_R,Tasso di inattività,2,Femmine,Y20-64,20-64 anni,2020,30.945624,,
A,Annuale,ITD2,Provincia Autonoma Trento,INAC_R,Tasso di inattività,2,Femmine,Y20-64,20-64 anni,2021,29.923442,,
A,Annuale,ITD2,Provincia Autonoma Trento,INAC_R,Tasso di inattività,2,Femmine,Y20-64,20-64 anni,2022,28.060302,,
A,Annuale,ITD2,Provincia Autonoma Trento,INAC_R,Tasso di inattività,2,Femmine,Y20-64,20-64 anni,2023,27.416703,,
A,Annuale,ITD2,Provincia Autonoma Trento,INAC_R,Tasso di inattività,2,Femmine,Y20-64,20-64 anni,2024,26.982296,,
A,Annuale,ITD31,Verona,INAC_R,Tasso di inattività,1,Maschi,Y20-64,20-64 anni,2018,15.654221,,
A,Annuale,ITD31,Verona,INAC_R,Tasso di inattività,1,Maschi,Y20-64,20-64 anni,2019,12.849928,,
A,Annuale,ITD31,Verona,INAC_R,Tasso di inattività,1,Maschi,Y20-64,20-64 anni,2020,13.27637,,
A,Annuale,ITD31,Verona,INAC_R,Tasso di inattività,1,Maschi,Y20-64,20-64 anni,2021,16.840389,,
A,Annuale,ITD31,Verona,INAC_R,Tasso di inattività,1,Maschi,Y20-64,20-64 anni,2022,18.046028,,
A,Annuale,ITD31,Verona,INAC_R,Tasso di inattività,1,Maschi,Y20-64,20-64 anni,2023,11.572171,,
A,Annuale,ITD31,Verona,INAC_R,Tasso di inattività,1,Maschi,Y20-64,20-64 anni,2024,14.166096,,
A,Annuale,ITD31,Verona,INAC_R,Tasso di inattività,2,Femmine,Y20-64,20-64 anni,2018,30.792349,,
A,Annuale,ITD31,Verona,INAC_R,Tasso di inattività,2,Femmine,Y20-64,20-64 anni,2019,30.128837,,
A,Annuale,ITD31,Verona,INAC_R,Tasso di inattività,2,Femmine,Y20-64,20-64 anni,2020,33.553828,,
A,Annuale,ITD31,Verona,INAC_R,Tasso di inattività,2,Femmine,Y20-64,20-64 anni,2021,31.795493,,
A,Annuale,ITD31,Verona,INAC_R,Tasso di inattività,2,Femmine,Y20-64,20-64 anni,2022,31.01135,,
A,Annuale,ITD31,Verona,INAC_R,Tasso di inattività,2,Femmine,Y20-64,20-64 anni,2023,28.277232,,
A,Annuale,ITD31,Verona,INAC_R,Tasso di inattività,2,Femmine,Y20-64,20-64 anni,2024,29.761379,,
A,Annuale,ITD32,Vicenza,INAC_R,Tasso di inattività,1,Maschi,Y20-64,20-64 anni,2018,13.555074,,
A,Annuale,ITD32,Vicenza,INAC_R,Tasso di inattività,1,Maschi,Y20-64,20-64 anni,2019,14.292422,,
A,Annuale,ITD32,Vicenza,INAC_R,Tasso di inattività,1,Maschi,Y20-64,20-64 anni,2020,17.284754,,
A,Annuale,ITD32,Vicenza,INAC_R,Tasso di inattività,1,Maschi,Y20-64,20-64 anni,2021,17.53613,,
A,Annuale,ITD32,Vicenza,INAC_R,Tasso di inattività,1,Maschi,Y20-64,20-64 anni,2022,16.778858,,
A,Annuale,ITD32,Vicenza,INAC_R,Tasso di inattività,1,Maschi,Y20-64,20-64 anni,2023,13.555064,,
A,Annuale,ITD32,Vicenza,INAC_R,Tasso di inattività,1,Maschi,Y20-64,20-64 anni,2024,15.174375,,
A,Annuale,ITD32,Vicenza,INAC_R,Tasso di inattività,2,Femmine,Y20-64,20-64 anni,2018,33.478325,,
A,Annuale,ITD32,Vicenza,INAC_R,Tasso di inattività,2,Femmine,Y20-64,20-64 anni,2019,31.834946,,
A,Annuale,ITD32,Vicenza,INAC_R,Tasso di inattività,2,Femmine,Y20-64,20-64 anni,2020,35.691007,,
A,Annuale,ITD32,Vicenza,INAC_R,Tasso di inattività,2,Femmine,Y20-64,20-64 anni,2021,32.248323,,
A,Annuale,ITD32,Vicenza,INAC_R,Tasso di inattività,2,Femmine,Y20-64,20-64 anni,2022,30.661293,,
A,Annuale,ITD32,Vicenza,INAC_R,Tasso di inattività,2,Femmine,Y20-64,20-64 anni,2023,30.243235,,
A,Annuale,ITD32,Vicenza,INAC_R,Tasso di inattività,2,Femmine,Y20-64,20-64 anni,2024,31.755199,,
A,Annuale,ITD33,Belluno,INAC_R,Tasso di inattività,1,Maschi,Y20-64,20-64 anni,2018,15.891853,,
A,Annuale,ITD33,Belluno,INAC_R,Tasso di inattività,1,Maschi,Y20-64,20-64 anni,2019,15.5742,,
A,Annuale,ITD33,Belluno,INAC_R,Tasso di inattività,1,Maschi,Y20-64,20-64 anni,2020,17.148413,,
A,Annuale,ITD33,Belluno,INAC_R,Tasso di inattività,1,Maschi,Y20-64,20-64 anni,2021,18.208509,,
A,Annuale,ITD33,Belluno,INAC_R,Tasso di inattività,1,Maschi,Y20-64,20-64 anni,2022,16.190578,,
A,Annuale,ITD33,Belluno,INAC_R,Tasso di inattività,1,Maschi,Y20-64,20-64 anni,2023,16.491571,,
A,Annuale,ITD33,Belluno,INAC_R,Tasso di inattività,1,Maschi,Y20-64,20-64 anni,2024,16.513437,,
A,Annuale,ITD33,Belluno,INAC_R,Tasso di inattività,2,Femmine,Y20-64,20-64 anni,2018,26.92935,,
A,Annuale,ITD33,Belluno,INAC_R,Tasso di inattività,2,Femmine,Y20-64,20-64 anni,2019,25.602285,,
A,Annuale,ITD33,Belluno,INAC_R,Tasso di inattività,2,Femmine,Y20-64,20-64 anni,2020,31.088309,,
A,Annuale,ITD33,Belluno,INAC_R,Tasso di inattività,2,Femmine,Y20-64,20-64 anni,2021,30.703098,,
A,Annuale,ITD33,Belluno,INAC_R,Tasso di inattività,2,Femmine,Y20-64,20-64 anni,2022,29.310131,,
A,Annuale,ITD33,Belluno,INAC_R,Tasso di inattività,2,Femmine,Y20-64,20-64 anni,2023,26.260109,,
A,Annuale,ITD33,Belluno,INAC_R,Tasso di inattività,2,Femmine,Y20-64,20-64 anni,2024,26.930742,,
A,Annuale,ITD34,Treviso,INAC_R,Tasso di inattività,1,Maschi,Y20-64,20-64 anni,2018,13.173357,,
A,Annuale,ITD34,Treviso,INAC_R,Tasso di inattività,1,Maschi,Y20-64,20-64 anni,2019,16.375325,,
A,Annuale,ITD34,Treviso,INAC_R,Tasso di inattività,1,Maschi,Y20-64,20-64 anni,2020,16.297358,,
A,Annuale,ITD34,Treviso,INAC_R,Tasso di inattività,1,Maschi,Y20-64,20-64 anni,2021,14.733947,,
A,Annuale,ITD34,Treviso,INAC_R,Tasso di inattività,1,Maschi,Y20-64,20-64 anni,2022,13.00394,,
A,Annuale,ITD34,Treviso,INAC_R,Tasso di inattività,1,Maschi,Y20-64,20-64 anni,2023,10.881551,,
A,Annuale,ITD34,Treviso,INAC_R,Tasso di inattività,1,Maschi,Y20-64,20-64 anni,2024,14.645921,,
A,Annuale,ITD34,Treviso,INAC_R,Tasso di inattività,2,Femmine,Y20-64,20-64 anni,2018,31.227216,,
A,Annuale,ITD34,Treviso,INAC_R,Tasso di inattività,2,Femmine,Y20-64,20-64 anni,2019,31.4351,,
A,Annuale,ITD34,Treviso,INAC_R,Tasso di inattività,2,Femmine,Y20-64,20-64 anni,2020,32.118899,,
A,Annuale,ITD34,Treviso,INAC_R,Tasso di inattività,2,Femmine,Y20-64,20-64 anni,2021,30.839557,,
A,Annuale,ITD34,Treviso,INAC_R,Tasso di inattività,2,Femmine,Y20-64,20-64 anni,2022,36.794157,,
A,Annuale,ITD34,Treviso,INAC_R,Tasso di inattività,2,Femmine,Y20-64,20-64 anni,2023,30.538227,,
A,Annuale,ITD34,Treviso,INAC_R,Tasso di inattività,2,Femmine,Y20-64,20-64 anni,2024,31.289898,,
A,Annuale,ITD35,Venezia,INAC_R,Tasso di inattività,1,Maschi,Y20-64,20-64 anni,2018,16.936338,,
A,Annuale,ITD35,Venezia,INAC_R,Tasso di inattività,1,Maschi,Y20-64,20-64 anni,2019,14.723954,,
A,Annuale,ITD35,Venezia,INAC_R,Tasso di inattività,1,Maschi,Y20-64,20-64 anni,2020,17.048551,,
A,Annuale,ITD35,Venezia,INAC_R,Tasso di inattività,1,Maschi,Y20-64,20-64 anni,2021,17.263446,,
A,Annuale,ITD35,Venezia,INAC_R,Tasso di inattività,1,Maschi,Y20-64,20-64 anni,2022,14.786172,,
A,Annuale,ITD35,Venezia,INAC_R,Tasso di inattività,1,Maschi,Y20-64,20-64 anni,2023,13.989098,,
A,Annuale,ITD35,Venezia,INAC_R,Tasso di inattività,1,Maschi,Y20-64,20-64 anni,2024,15.475397,,
A,Annuale,ITD35,Venezia,INAC_R,Tasso di inattività,2,Femmine,Y20-64,20-64 anni,2018,35.247545,,
A,Annuale,ITD35,Venezia,INAC_R,Tasso di inattività,2,Femmine,Y20-64,20-64 anni,2019,33.584262,,
A,Annuale,ITD35,Venezia,INAC_R,Tasso di inattività,2,Femmine,Y20-64,20-64 anni,2020,35.817058,,
A,Annuale,ITD35,Venezia,INAC_R,Tasso di inattività,2,Femmine,Y20-64,20-64 anni,2021,36.243254,,
A,Annuale,ITD35,Venezia,INAC_R,Tasso di inattività,2,Femmine,Y20-64,20-64 anni,2022,31.504187,,
A,Annuale,ITD35,Venezia,INAC_R,Tasso di inattività,2,Femmine,Y20-64,20-64 anni,2023,29.696616,,
A,Annuale,ITD35,Venezia,INAC_R,Tasso di inattività,2,Femmine,Y20-64,20-64 anni,2024,31.414389,,
A,Annuale,ITD36,Padova,INAC_R,Tasso di inattività,1,Maschi,Y20-64,20-64 anni,2018,15.175384,,
A,Annuale,ITD36,Padova,INAC_R,Tasso di inattività,1,Maschi,Y20-64,20-64 anni,2019,14.090957,,
A,Annuale,ITD36,Padova,INAC_R,Tasso di inattività,1,Maschi,Y20-64,20-64 anni,2020,16.520411,,
A,Annuale,ITD36,Padova,INAC_R,Tasso di inattività,1,Maschi,Y20-64,20-64 anni,2021,18.861059,,
A,Annuale,ITD36,Padova,INAC_R,Tasso di inattività,1,Maschi,Y20-64,20-64 anni,2022,16.144042,,
A,Annuale,ITD36,Padova,INAC_R,Tasso di inattività,1,Maschi,Y20-64,20-64 anni,2023,14.5339,,
A,Annuale,ITD36,Padova,INAC_R,Tasso di inattività,1,Maschi,Y20-64,20-64 anni,2024,13.127966,,
A,Annuale,ITD36,Padova,INAC_R,Tasso di inattività,2,Femmine,Y20-64,20-64 anni,2018,31.895338,,
A,Annuale,ITD36,Padova,INAC_R,Tasso di inattività,2,Femmine,Y20-64,20-64 anni,2019,33.213574,,
A,Annuale,ITD36,Padova,INAC_R,Tasso di inattività,2,Femmine,Y20-64,20-64 anni,2020,37.654869,,
A,Annuale,ITD36,Padova,INAC_R,Tasso di inattività,2,Femmine,Y20-64,20-64 anni,2021,38.053636,,
A,Annuale,ITD36,Padova,INAC_R,Tasso di inattività,2,Femmine,Y20-64,20-64 anni,2022,31.616058,,
A,Annuale,ITD36,Padova,INAC_R,Tasso di inattività,2,Femmine,Y20-64,20-64 anni,2023,26.547869,,
A,Annuale,ITD36,Padova,INAC_R,Tasso di inattività,2,Femmine,Y20-64,20-64 anni,2024,26.618753,,
A,Annuale,ITD37,Rovigo,INAC_R,Tasso di inattività,1,Maschi,Y20-64,20-64 anni,2018,18.812446,,
A,Annuale,ITD37,Rovigo,INAC_R,Tasso di inattività,1,Maschi,Y20-64,20-64 anni,2019,15.104693,,
A,Annuale,ITD37,Rovigo,INAC_R,Tasso di inattività,1,Maschi,Y20-64,20-64 anni,2020,16.547351,,
A,Annuale,ITD37,Rovigo,INAC_R,Tasso di inattività,1,Maschi,Y20-64,20-64 anni,2021,17.659716,,
A,Annuale,ITD37,Rovigo,INAC_R,Tasso di inattività,1,Maschi,Y20-64,20-64 anni,2022,17.021884,,
A,Annuale,ITD37,Rovigo,INAC_R,Tasso di inattività,1,Maschi,Y20-64,20-64 anni,2023,15.776017,,
A,Annuale,ITD37,Rovigo,INAC_R,Tasso di inattività,1,Maschi,Y20-64,20-64 anni,2024,13.51402,,
A,Annuale,ITD37,Rovigo,INAC_R,Tasso di inattività,2,Femmine,Y20-64,20-64 anni,2018,34.510295,,
A,Annuale,ITD37,Rovigo,INAC_R,Tasso di inattività,2,Femmine,Y20-64,20-64 anni,2019,34.088411,,
A,Annuale,ITD37,Rovigo,INAC_R,Tasso di inattività,2,Femmine,Y20-64,20-64 anni,2020,42.644662,,
A,Annuale,ITD37,Rovigo,INAC_R,Tasso di inattività,2,Femmine,Y20-64,20-64 anni,2021,35.373046,,
A,Annuale,ITD37,Rovigo,INAC_R,Tasso di inattività,2,Femmine,Y20-64,20-64 anni,2022,35.247669,,
A,Annuale,ITD37,Rovigo,INAC_R,Tasso di inattività,2,Femmine,Y20-64,20-64 anni,2023,29.544279,,
A,Annuale,ITD37,Rovigo,INAC_R,Tasso di inattività,2,Femmine,Y20-64,20-64 anni,2024,29.83321,,
A,Annuale,ITD42,Udine,INAC_R,Tasso di inattività,1,Maschi,Y20-64,20-64 anni,2018,18.308796,,
A,Annuale,ITD42,Udine,INAC_R,Tasso di inattività,1,Maschi,Y20-64,20-64 anni,2019,16.631973,,
A,Annuale,ITD42,Udine,INAC_R,Tasso di inattività,1,Maschi,Y20-64,20-64 anni,2020,16.923118,,
A,Annuale,ITD42,Udine,INAC_R,Tasso di inattività,1,Maschi,Y20-64,20-64 anni,2021,16.959426,,
A,Annuale,ITD42,Udine,INAC_R,Tasso di inattività,1,Maschi,Y20-64,20-64 anni,2022,15.240547,,
A,Annuale,ITD42,Udine,INAC_R,Tasso di inattività,1,Maschi,Y20-64,20-64 anni,2023,15.78234,,
A,Annuale,ITD42,Udine,INAC_R,Tasso di inattività,1,Maschi,Y20-64,20-64 anni,2024,14.880173,,
A,Annuale,ITD42,Udine,INAC_R,Tasso di inattività,2,Femmine,Y20-64,20-64 anni,2018,31.013447,,
A,Annuale,ITD42,Udine,INAC_R,Tasso di inattività,2,Femmine,Y20-64,20-64 anni,2019,32.531112,,
A,Annuale,ITD42,Udine,INAC_R,Tasso di inattività,2,Femmine,Y20-64,20-64 anni,2020,31.612446,,
A,Annuale,ITD42,Udine,INAC_R,Tasso di inattività,2,Femmine,Y20-64,20-64 anni,2021,30.301907,,
A,Annuale,ITD42,Udine,INAC_R,Tasso di inattività,2,Femmine,Y20-64,20-64 anni,2022,27.190064,,
A,Annuale,ITD42,Udine,INAC_R,Tasso di inattività,2,Femmine,Y20-64,20-64 anni,2023,27.568373,,
A,Annuale,ITD42,Udine,INAC_R,Tasso di inattività,2,Femmine,Y20-64,20-64 anni,2024,25.943361,,
A,Annuale,ITD43,Gorizia,INAC_R,Tasso di inattività,1,Maschi,Y20-64,20-64 anni,2018,19.100473,,
A,Annuale,ITD43,Gorizia,INAC_R,Tasso di inattività,1,Maschi,Y20-64,20-64 anni,2019,17.086281,,
A,Annuale,ITD43,Gorizia,INAC_R,Tasso di inattività,1,Maschi,Y20-64,20-64 anni,2020,15.3242,,
A,Annuale,ITD43,Gorizia,INAC_R,Tasso di inattività,1,Maschi,Y20-64,20-64 anni,2021,15.703568,,
A,Annuale,ITD43,Gorizia,INAC_R,Tasso di inattività,1,Maschi,Y20-64,20-64 anni,2022,16.974802,,
A,Annuale,ITD43,Gorizia,INAC_R,Tasso di inattività,1,Maschi,Y20-64,20-64 anni,2023,16.982392,,
A,Annuale,ITD43,Gorizia,INAC_R,Tasso di inattività,1,Maschi,Y20-64,20-64 anni,2024,15.65729,,
A,Annuale,ITD43,Gorizia,INAC_R,Tasso di inattività,2,Femmine,Y20-64,20-64 anni,2018,35.797726,,
A,Annuale,ITD43,Gorizia,INAC_R,Tasso di inattività,2,Femmine,Y20-64,20-64 anni,2019,34.55867,,
A,Annuale,ITD43,Gorizia,INAC_R,Tasso di inattività,2,Femmine,Y20-64,20-64 anni,2020,37.142708,,
A,Annuale,ITD43,Gorizia,INAC_R,Tasso di inattività,2,Femmine,Y20-64,20-64 anni,2021,34.934178,,
A,Annuale,ITD43,Gorizia,INAC_R,Tasso di inattività,2,Femmine,Y20-64,20-64 anni,2022,34.592762,,
A,Annuale,ITD43,Gorizia,INAC_R,Tasso di inattività,2,Femmine,Y20-64,20-64 anni,2023,34.630715,,
A,Annuale,ITD43,Gorizia,INAC_R,Tasso di inattività,2,Femmine,Y20-64,20-64 anni,2024,29.518852,,
A,Annuale,ITD44,Trieste,INAC_R,Tasso di inattività,1,Maschi,Y20-64,20-64 anni,2018,16.794971,,
A,Annuale,ITD44,Trieste,INAC_R,Tasso di inattività,1,Maschi,Y20-64,20-64 anni,2019,20.539202,,
A,Annuale,ITD44,Trieste,INAC_R,Tasso di inattività,1,Maschi,Y20-64,20-64 anni,2020,18.540771,,
A,Annuale,ITD44,Trieste,INAC_R,Tasso di inattività,1,Maschi,Y20-64,20-64 anni,2021,17.330579,,
A,Annuale,ITD44,Trieste,INAC_R,Tasso di inattività,1,Maschi,Y20-64,20-64 anni,2022,16.978473,,
A,Annuale,ITD44,Trieste,INAC_R,Tasso di inattività,1,Maschi,Y20-64,20-64 anni,2023,16.369444,,
A,Annuale,ITD44,Trieste,INAC_R,Tasso di inattività,1,Maschi,Y20-64,20-64 anni,2024,14.291964,,
A,Annuale,ITD44,Trieste,INAC_R,Tasso di inattività,2,Femmine,Y20-64,20-64 anni,2018,26.823422,,
A,Annuale,ITD44,Trieste,INAC_R,Tasso di inattività,2,Femmine,Y20-64,20-64 anni,2019,26.135126,,
A,Annuale,ITD44,Trieste,INAC_R,Tasso di inattività,2,Femmine,Y20-64,20-64 anni,2020,25.971783,,
A,Annuale,ITD44,Trieste,INAC_R,Tasso di inattività,2,Femmine,Y20-64,20-64 anni,2021,24.969084,,
A,Annuale,ITD44,Trieste,INAC_R,Tasso di inattività,2,Femmine,Y20-64,20-64 anni,2022,24.313065,,
A,Annuale,ITD44,Trieste,INAC_R,Tasso di inattività,2,Femmine,Y20-64,20-64 anni,2023,25.433517,,
A,Annuale,ITD44,Trieste,INAC_R,Tasso di inattività,2,Femmine,Y20-64,20-64 anni,2024,22.151781,,
A,Annuale,ITD41,Pordenone,INAC_R,Tasso di inattività,1,Maschi,Y20-64,20-64 anni,2018,14.932282,,
A,Annuale,ITD41,Pordenone,INAC_R,Tasso di inattività,1,Maschi,Y20-64,20-64 anni,2019,11.943954,,
A,Annuale,ITD41,Pordenone,INAC_R,Tasso di inattività,1,Maschi,Y20-64,20-64 anni,2020,14.853199,,
A,Annuale,ITD41,Pordenone,INAC_R,Tasso di inattività,1,Maschi,Y20-64,20-64 anni,2021,16.196499,,
A,Annuale,ITD41,Pordenone,INAC_R,Tasso di inattività,1,Maschi,Y20-64,20-64 anni,2022,15.86643,,
A,Annuale,ITD41,Pordenone,INAC_R,Tasso di inattività,1,Maschi,Y20-64,20-64 anni,2023,17.362816,,
A,Annuale,ITD41,Pordenone,INAC_R,Tasso di inattività,1,Maschi,Y20-64,20-64 anni,2024,17.530744,,
A,Annuale,ITD41,Pordenone,INAC_R,Tasso di inattività,2,Femmine,Y20-64,20-64 anni,2018,31.404761,,
A,Annuale,ITD41,Pordenone,INAC_R,Tasso di inattività,2,Femmine,Y20-64,20-64 anni,2019,34.523013,,
A,Annuale,ITD41,Pordenone,INAC_R,Tasso di inattività,2,Femmine,Y20-64,20-64 anni,2020,36.090632,,
A,Annuale,ITD41,Pordenone,INAC_R,Tasso di inattività,2,Femmine,Y20-64,20-64 anni,2021,32.30942,,
A,Annuale,ITD41,Pordenone,INAC_R,Tasso di inattività,2,Femmine,Y20-64,20-64 anni,2022,33.932556,,
A,Annuale,ITD41,Pordenone,INAC_R,Tasso di inattività,2,Femmine,Y20-64,20-64 anni,2023,32.651456,,
A,Annuale,ITD41,Pordenone,INAC_R,Tasso di inattività,2,Femmine,Y20-64,20-64 anni,2024,33.172947,,
A,Annuale,ITD51,Piacenza,INAC_R,Tasso di inattività,1,Maschi,Y20-64,20-64 anni,2018,12.870619,,
A,Annuale,ITD51,Piacenza,INAC_R,Tasso di inattività,1,Maschi,Y20-64,20-64 anni,2019,13.560972,,
A,Annuale,ITD51,Piacenza,INAC_R,Tasso di inattività,1,Maschi,Y20-64,20-64 anni,2020,12.787984,,
A,Annuale,ITD51,Piacenza,INAC_R,Tasso di inattività,1,Maschi,Y20-64,20-64 anni,2021,14.677177,,
A,Annuale,ITD51,Piacenza,INAC_R,Tasso di inattività,1,Maschi,Y20-64,20-64 anni,2022,12.939542,,
A,Annuale,ITD51,Piacenza,INAC_R,Tasso di inattività,1,Maschi,Y20-64,20-64 anni,2023,11.944062,,
A,Annuale,ITD51,Piacenza,INAC_R,Tasso di inattività,1,Maschi,Y20-64,20-64 anni,2024,11.544798,,
A,Annuale,ITD51,Piacenza,INAC_R,Tasso di inattività,2,Femmine,Y20-64,20-64 anni,2018,30.227837,,
A,Annuale,ITD51,Piacenza,INAC_R,Tasso di inattività,2,Femmine,Y20-64,20-64 anni,2019,29.586345,,
A,Annuale,ITD51,Piacenza,INAC_R,Tasso di inattività,2,Femmine,Y20-64,20-64 anni,2020,31.218849,,
A,Annuale,ITD51,Piacenza,INAC_R,Tasso di inattività,2,Femmine,Y20-64,20-64 anni,2021,29.840334,,
A,Annuale,ITD51,Piacenza,INAC_R,Tasso di inattività,2,Femmine,Y20-64,20-64 anni,2022,29.635424,,
A,Annuale,ITD51,Piacenza,INAC_R,Tasso di inattività,2,Femmine,Y20-64,20-64 anni,2023,27.24888,,
A,Annuale,ITD51,Piacenza,INAC_R,Tasso di inattività,2,Femmine,Y20-64,20-64 anni,2024,27.001529,,
A,Annuale,ITD52,Parma,INAC_R,Tasso di inattività,1,Maschi,Y20-64,20-64 anni,2018,14.198176,,
A,Annuale,ITD52,Parma,INAC_R,Tasso di inattività,1,Maschi,Y20-64,20-64 anni,2019,15.805262,,
A,Annuale,ITD52,Parma,INAC_R,Tasso di inattività,1,Maschi,Y20-64,20-64 anni,2020,17.378593,,
A,Annuale,ITD52,Parma,INAC_R,Tasso di inattività,1,Maschi,Y20-64,20-64 anni,2021,15.262927,,
A,Annuale,ITD52,Parma,INAC_R,Tasso di inattività,1,Maschi,Y20-64,20-64 anni,2022,12.683766,,
A,Annuale,ITD52,Parma,INAC_R,Tasso di inattività,1,Maschi,Y20-64,20-64 anni,2023,12.095825,,
A,Annuale,ITD52,Parma,INAC_R,Tasso di inattività,1,Maschi,Y20-64,20-64 anni,2024,10.168989,,
A,Annuale,ITD52,Parma,INAC_R,Tasso di inattività,2,Femmine,Y20-64,20-64 anni,2018,28.505832,,
A,Annuale,ITD52,Parma,INAC_R,Tasso di inattività,2,Femmine,Y20-64,20-64 anni,2019,29.932151,,
A,Annuale,ITD52,Parma,INAC_R,Tasso di inattività,2,Femmine,Y20-64,20-64 anni,2020,31.402453,,
A,Annuale,ITD52,Parma,INAC_R,Tasso di inattività,2,Femmine,Y20-64,20-64 anni,2021,29.069149,,
A,Annuale,ITD52,Parma,INAC_R,Tasso di inattività,2,Femmine,Y20-64,20-64 anni,2022,26.961883,,
A,Annuale,ITD52,Parma,INAC_R,Tasso di inattività,2,Femmine,Y20-64,20-64 anni,2023,28.226712,,
A,Annuale,ITD52,Parma,INAC_R,Tasso di inattività,2,Femmine,Y20-64,20-64 anni,2024,29.149632,,
A,Annuale,ITD53,'Reggio nell"'Emilia',INAC_R,Tasso di inattività,1,Maschi,Y20-64,20-64 anni,2018,14.817826,,
A,Annuale,ITD53,'Reggio nell"'Emilia',INAC_R,Tasso di inattività,1,Maschi,Y20-64,20-64 anni,2019,14.638003,,
A,Annuale,ITD53,'Reggio nell"'Emilia',INAC_R,Tasso di inattività,1,Maschi,Y20-64,20-64 anni,2020,16.330596,,
A,Annuale,ITD53,'Reggio nell"'Emilia',INAC_R,Tasso di inattività,1,Maschi,Y20-64,20-64 anni,2021,16.809622,,
A,Annuale,ITD53,'Reggio nell"'Emilia',INAC_R,Tasso di inattività,1,Maschi,Y20-64,20-64 anni,2022,17.730985,,
A,Annuale,ITD53,'Reggio nell"'Emilia',INAC_R,Tasso di inattività,1,Maschi,Y20-64,20-64 anni,2023,14.406624,,
A,Annuale,ITD53,'Reggio nell"'Emilia',INAC_R,Tasso di inattività,1,Maschi,Y20-64,20-64 anni,2024,16.828606,,
A,Annuale,ITD53,'Reggio nell"'Emilia',INAC_R,Tasso di inattività,2,Femmine,Y20-64,20-64 anni,2018,29.730443,,
A,Annuale,ITD53,'Reggio nell"'Emilia',INAC_R,Tasso di inattività,2,Femmine,Y20-64,20-64 anni,2019,28.775948,,
A,Annuale,ITD53,'Reggio nell"'Emilia',INAC_R,Tasso di inattività,2,Femmine,Y20-64,20-64 anni,2020,29.782935,,
A,Annuale,ITD53,'Reggio nell"'Emilia',INAC_R,Tasso di inattività,2,Femmine,Y20-64,20-64 anni,2021,28.651551,,
A,Annuale,ITD53,'Reggio nell"'Emilia',INAC_R,Tasso di inattività,2,Femmine,Y20-64,20-64 anni,2022,30.250735,,
A,Annuale,ITD53,'Reggio nell"'Emilia',INAC_R,Tasso di inattività,2,Femmine,Y20-64,20-64 anni,2023,27.076403,,
A,Annuale,ITD53,'Reggio nell"'Emilia',INAC_R,Tasso di inattività,2,Femmine,Y20-64,20-64 anni,2024,29.01406,,
A,Annuale,ITD54,Modena,INAC_R,Tasso di inattività,1,Maschi,Y20-64,20-64 anni,2018,12.918426,,
A,Annuale,ITD54,Modena,INAC_R,Tasso di inattività,1,Maschi,Y20-64,20-64 anni,2019,13.911184,,
A,Annuale,ITD54,Modena,INAC_R,Tasso di inattività,1,Maschi,Y20-64,20-64 anni,2020,14.715455,,
A,Annuale,ITD54,Modena,INAC_R,Tasso di inattività,1,Maschi,Y20-64,20-64 anni,2021,14.975656,,
A,Annuale,ITD54,Modena,INAC_R,Tasso di inattività,1,Maschi,Y20-64,20-64 anni,2022,14.970436,,
A,Annuale,ITD54,Modena,INAC_R,Tasso di inattività,1,Maschi,Y20-64,20-64 anni,2023,16.148942,,
A,Annuale,ITD54,Modena,INAC_R,Tasso di inattività,1,Maschi,Y20-64,20-64 anni,2024,14.909147,,
A,Annuale,ITD54,Modena,INAC_R,Tasso di inattività,2,Femmine,Y20-64,20-64 anni,2018,29.112263,,
A,Annuale,ITD54,Modena,INAC_R,Tasso di inattività,2,Femmine,Y20-64,20-64 anni,2019,26.075085,,
A,Annuale,ITD54,Modena,INAC_R,Tasso di inattività,2,Femmine,Y20-64,20-64 anni,2020,29.606876,,
A,Annuale,ITD54,Modena,INAC_R,Tasso di inattività,2,Femmine,Y20-64,20-64 anni,2021,32.691631,,
A,Annuale,ITD54,Modena,INAC_R,Tasso di inattività,2,Femmine,Y20-64,20-64 anni,2022,25.313958,,
A,Annuale,ITD54,Modena,INAC_R,Tasso di inattività,2,Femmine,Y20-64,20-64 anni,2023,23.194326,,
A,Annuale,ITD54,Modena,INAC_R,Tasso di inattività,2,Femmine,Y20-64,20-64 anni,2024,29.189611,,
A,Annuale,ITD55,Bologna,INAC_R,Tasso di inattività,1,Maschi,Y20-64,20-64 anni,2018,13.002023,,
A,Annuale,ITD55,Bologna,INAC_R,Tasso di inattività,1,Maschi,Y20-64,20-64 anni,2019,12.751516,,
A,Annuale,ITD55,Bologna,INAC_R,Tasso di inattività,1,Maschi,Y20-64,20-64 anni,2020,15.656569,,
A,Annuale,ITD55,Bologna,INAC_R,Tasso di inattività,1,Maschi,Y20-64,20-64 anni,2021,16.281356,,
A,Annuale,ITD55,Bologna,INAC_R,Tasso di inattività,1,Maschi,Y20-64,20-64 anni,2022,14.313593,,
A,Annuale,ITD55,Bologna,INAC_R,Tasso di inattività,1,Maschi,Y20-64,20-64 anni,2023,13.234753,,
A,Annuale,ITD55,Bologna,INAC_R,Tasso di inattività,1,Maschi,Y20-64,20-64 anni,2024,13.828549,,
A,Annuale,ITD55,Bologna,INAC_R,Tasso di inattività,2,Femmine,Y20-64,20-64 anni,2018,23.613526,,
A,Annuale,ITD55,Bologna,INAC_R,Tasso di inattività,2,Femmine,Y20-64,20-64 anni,2019,23.34773,,
A,Annuale,ITD55,Bologna,INAC_R,Tasso di inattività,2,Femmine,Y20-64,20-64 anni,2020,26.630465,,
A,Annuale,ITD55,Bologna,INAC_R,Tasso di inattività,2,Femmine,Y20-64,20-64 anni,2021,27.093007,,
A,Annuale,ITD55,Bologna,INAC_R,Tasso di inattività,2,Femmine,Y20-64,20-64 anni,2022,26.505578,,
A,Annuale,ITD55,Bologna,INAC_R,Tasso di inattività,2,Femmine,Y20-64,20-64 anni,2023,23.594645,,
A,Annuale,ITD55,Bologna,INAC_R,Tasso di inattività,2,Femmine,Y20-64,20-64 anni,2024,25.022308,,
A,Annuale,ITD56,Ferrara,INAC_R,Tasso di inattività,1,Maschi,Y20-64,20-64 anni,2018,15.589671,,
A,Annuale,ITD56,Ferrara,INAC_R,Tasso di inattività,1,Maschi,Y20-64,20-64 anni,2019,13.605318,,
A,Annuale,ITD56,Ferrara,INAC_R,Tasso di inattività,1,Maschi,Y20-64,20-64 anni,2020,15.367857,,
A,Annuale,ITD56,Ferrara,INAC_R,Tasso di inattività,1,Maschi,Y20-64,20-64 anni,2021,16.079197,,
A,Annuale,ITD56,Ferrara,INAC_R,Tasso di inattività,1,Maschi,Y20-64,20-64 anni,2022,16.170848,,
A,Annuale,ITD56,Ferrara,INAC_R,Tasso di inattività,1,Maschi,Y20-64,20-64 anni,2023,13.756977,,
A,Annuale,ITD56,Ferrara,INAC_R,Tasso di inattività,1,Maschi,Y20-64,20-64 anni,2024,14.869704,,
A,Annuale,ITD56,Ferrara,INAC_R,Tasso di inattività,2,Femmine,Y20-64,20-64 anni,2018,29.056393,,
A,Annuale,ITD56,Ferrara,INAC_R,Tasso di inattività,2,Femmine,Y20-64,20-64 anni,2019,26.731585,,
A,Annuale,ITD56,Ferrara,INAC_R,Tasso di inattività,2,Femmine,Y20-64,20-64 anni,2020,27.784899,,
A,Annuale,ITD56,Ferrara,INAC_R,Tasso di inattività,2,Femmine,Y20-64,20-64 anni,2021,26.092012,,
A,Annuale,ITD56,Ferrara,INAC_R,Tasso di inattività,2,Femmine,Y20-64,20-64 anni,2022,28.661286,,
A,Annuale,ITD56,Ferrara,INAC_R,Tasso di inattività,2,Femmine,Y20-64,20-64 anni,2023,29.212332,,
A,Annuale,ITD56,Ferrara,INAC_R,Tasso di inattività,2,Femmine,Y20-64,20-64 anni,2024,28.198142,,
A,Annuale,ITD57,Ravenna,INAC_R,Tasso di inattività,1,Maschi,Y20-64,20-64 anni,2018,15.489727,,
A,Annuale,ITD57,Ravenna,INAC_R,Tasso di inattività,1,Maschi,Y20-64,20-64 anni,2019,14.017512,,
A,Annuale,ITD57,Ravenna,INAC_R,Tasso di inattività,1,Maschi,Y20-64,20-64 anni,2020,16.385586,,
A,Annuale,ITD57,Ravenna,INAC_R,Tasso di inattività,1,Maschi,Y20-64,20-64 anni,2021,14.762029,,
A,Annuale,ITD57,Ravenna,INAC_R,Tasso di inattività,1,Maschi,Y20-64,20-64 anni,2022,13.96483,,
A,Annuale,ITD57,Ravenna,INAC_R,Tasso di inattività,1,Maschi,Y20-64,20-64 anni,2023,14.761931,,
A,Annuale,ITD57,Ravenna,INAC_R,Tasso di inattività,1,Maschi,Y20-64,20-64 anni,2024,15.548038,,
A,Annuale,ITD57,Ravenna,INAC_R,Tasso di inattività,2,Femmine,Y20-64,20-64 anni,2018,29.521498,,
A,Annuale,ITD57,Ravenna,INAC_R,Tasso di inattività,2,Femmine,Y20-64,20-64 anni,2019,27.497365,,
A,Annuale,ITD57,Ravenna,INAC_R,Tasso di inattività,2,Femmine,Y20-64,20-64 anni,2020,28.536997,,
A,Annuale,ITD57,Ravenna,INAC_R,Tasso di inattività,2,Femmine,Y20-64,20-64 anni,2021,27.093398,,
A,Annuale,ITD57,Ravenna,INAC_R,Tasso di inattività,2,Femmine,Y20-64,20-64 anni,2022,26.505531,,
A,Annuale,ITD57,Ravenna,INAC_R,Tasso di inattività,2,Femmine,Y20-64,20-64 anni,2023,28.731899,,
A,Annuale,ITD57,Ravenna,INAC_R,Tasso di inattività,2,Femmine,Y20-64,20-64 anni,2024,29.078538,,
A,Annuale,ITD58,Forlì-Cesena,INAC_R,Tasso di inattività,1,Maschi,Y20-64,20-64 anni,2018,15.275877,,
A,Annuale,ITD58,Forlì-Cesena,INAC_R,Tasso di inattività,1,Maschi,Y20-64,20-64 anni,2019,14.503743,,
A,Annuale,ITD58,Forlì-Cesena,INAC_R,Tasso di inattività,1,Maschi,Y20-64,20-64 anni,2020,12.856816,,
A,Annuale,ITD58,Forlì-Cesena,INAC_R,Tasso di inattività,1,Maschi,Y20-64,20-64 anni,2021,14.695694,,
A,Annuale,ITD58,Forlì-Cesena,INAC_R,Tasso di inattività,1,Maschi,Y20-64,20-64 anni,2022,14.138425,,
A,Annuale,ITD58,Forlì-Cesena,INAC_R,Tasso di inattività,1,Maschi,Y20-64,20-64 anni,2023,14.765137,,
A,Annuale,ITD58,Forlì-Cesena,INAC_R,Tasso di inattività,1,Maschi,Y20-64,20-64 anni,2024,13.222207,,
A,Annuale,ITD58,Forlì-Cesena,INAC_R,Tasso di inattività,2,Femmine,Y20-64,20-64 anni,2018,30.478877,,
A,Annuale,ITD58,Forlì-Cesena,INAC_R,Tasso di inattività,2,Femmine,Y20-64,20-64 anni,2019,23.577494,,
A,Annuale,ITD58,Forlì-Cesena,INAC_R,Tasso di inattività,2,Femmine,Y20-64,20-64 anni,2020,28.271148,,
A,Annuale,ITD58,Forlì-Cesena,INAC_R,Tasso di inattività,2,Femmine,Y20-64,20-64 anni,2021,29.124419,,
A,Annuale,ITD58,Forlì-Cesena,INAC_R,Tasso di inattività,2,Femmine,Y20-64,20-64 anni,2022,28.78381,,
A,Annuale,ITD58,Forlì-Cesena,INAC_R,Tasso di inattività,2,Femmine,Y20-64,20-64 anni,2023,25.942525,,
A,Annuale,ITD58,Forlì-Cesena,INAC_R,Tasso di inattività,2,Femmine,Y20-64,20-64 anni,2024,29.470031,,
A,Annuale,ITD59,Rimini,INAC_R,Tasso di inattività,1,Maschi,Y20-64,20-64 anni,2018,14.506857,,
A,Annuale,ITD59,Rimini,INAC_R,Tasso di inattività,1,Maschi,Y20-64,20-64 anni,2019,12.840841,,
A,Annuale,ITD59,Rimini,INAC_R,Tasso di inattività,1,Maschi,Y20-64,20-64 anni,2020,15.620324,,
A,Annuale,ITD59,Rimini,INAC_R,Tasso di inattività,1,Maschi,Y20-64,20-64 anni,2021,17.288886,,
A,Annuale,ITD59,Rimini,INAC_R,Tasso di inattività,1,Maschi,Y20-64,20-64 anni,2022,17.127958,,
A,Annuale,ITD59,Rimini,INAC_R,Tasso di inattività,1,Maschi,Y20-64,20-64 anni,2023,14.273417,,
A,Annuale,ITD59,Rimini,INAC_R,Tasso di inattività,1,Maschi,Y20-64,20-64 anni,2024,12.475231,,
A,Annuale,ITD59,Rimini,INAC_R,Tasso di inattività,2,Femmine,Y20-64,20-64 anni,2018,27.037379,,
A,Annuale,ITD59,Rimini,INAC_R,Tasso di inattività,2,Femmine,Y20-64,20-64 anni,2019,30.149998,,
A,Annuale,ITD59,Rimini,INAC_R,Tasso di inattività,2,Femmine,Y20-64,20-64 anni,2020,33.495044,,
A,Annuale,ITD59,Rimini,INAC_R,Tasso di inattività,2,Femmine,Y20-64,20-64 anni,2021,29.890541,,
A,Annuale,ITD59,Rimini,INAC_R,Tasso di inattività,2,Femmine,Y20-64,20-64 anni,2022,32.255243,,
A,Annuale,ITD59,Rimini,INAC_R,Tasso di inattività,2,Femmine,Y20-64,20-64 anni,2023,32.03164,,
A,Annuale,ITD59,Rimini,INAC_R,Tasso di inattività,2,Femmine,Y20-64,20-64 anni,2024,31.920941,,
A,Annuale,ITE11,Massa-Carrara,INAC_R,Tasso di inattività,1,Maschi,Y20-64,20-64 anni,2018,19.353129,,
A,Annuale,ITE11,Massa-Carrara,INAC_R,Tasso di inattività,1,Maschi,Y20-64,20-64 anni,2019,18.721299,,
A,Annuale,ITE11,Massa-Carrara,INAC_R,Tasso di inattività,1,Maschi,Y20-64,20-64 anni,2020,17.930595,,
A,Annuale,ITE11,Massa-Carrara,INAC_R,Tasso di inattività,1,Maschi,Y20-64,20-64 anni,2021,20.664324,,
A,Annuale,ITE11,Massa-Carrara,INAC_R,Tasso di inattività,1,Maschi,Y20-64,20-64 anni,2022,18.96199,,
A,Annuale,ITE11,Massa-Carrara,INAC_R,Tasso di inattività,1,Maschi,Y20-64,20-64 anni,2023,16.963366,,
A,Annuale,ITE11,Massa-Carrara,INAC_R,Tasso di inattività,1,Maschi,Y20-64,20-64 anni,2024,14.974214,,
A,Annuale,ITE11,Massa-Carrara,INAC_R,Tasso di inattività,2,Femmine,Y20-64,20-64 anni,2018,34.668765,,
A,Annuale,ITE11,Massa-Carrara,INAC_R,Tasso di inattività,2,Femmine,Y20-64,20-64 anni,2019,35.501782,,
A,Annuale,ITE11,Massa-Carrara,INAC_R,Tasso di inattività,2,Femmine,Y20-64,20-64 anni,2020,32.32094,,
A,Annuale,ITE11,Massa-Carrara,INAC_R,Tasso di inattività,2,Femmine,Y20-64,20-64 anni,2021,35.2678,,
A,Annuale,ITE11,Massa-Carrara,INAC_R,Tasso di inattività,2,Femmine,Y20-64,20-64 anni,2022,39.975222,,
A,Annuale,ITE11,Massa-Carrara,INAC_R,Tasso di inattività,2,Femmine,Y20-64,20-64 anni,2023,33.905046,,
A,Annuale,ITE11,Massa-Carrara,INAC_R,Tasso di inattività,2,Femmine,Y20-64,20-64 anni,2024,30.991439,,
A,Annuale,ITE12,Lucca,INAC_R,Tasso di inattività,1,Maschi,Y20-64,20-64 anni,2018,18.636823,,
A,Annuale,ITE12,Lucca,INAC_R,Tasso di inattività,1,Maschi,Y20-64,20-64 anni,2019,20.143283,,
A,Annuale,ITE12,Lucca,INAC_R,Tasso di inattività,1,Maschi,Y20-64,20-64 anni,2020,19.148605,,
A,Annuale,ITE12,Lucca,INAC_R,Tasso di inattività,1,Maschi,Y20-64,20-64 anni,2021,15.962953,,
A,Annuale,ITE12,Lucca,INAC_R,Tasso di inattività,1,Maschi,Y20-64,20-64 anni,2022,14.084558,,
A,Annuale,ITE12,Lucca,INAC_R,Tasso di inattività,1,Maschi,Y20-64,20-64 anni,2023,14.874519,,
A,Annuale,ITE12,Lucca,INAC_R,Tasso di inattività,1,Maschi,Y20-64,20-64 anni,2024,14.762787,,
A,Annuale,ITE12,Lucca,INAC_R,Tasso di inattività,2,Femmine,Y20-64,20-64 anni,2018,33.891794,,
A,Annuale,ITE12,Lucca,INAC_R,Tasso di inattività,2,Femmine,Y20-64,20-64 anni,2019,36.234042,,
A,Annuale,ITE12,Lucca,INAC_R,Tasso di inattività,2,Femmine,Y20-64,20-64 anni,2020,37.679034,,
A,Annuale,ITE12,Lucca,INAC_R,Tasso di inattività,2,Femmine,Y20-64,20-64 anni,2021,33.199462,,
A,Annuale,ITE12,Lucca,INAC_R,Tasso di inattività,2,Femmine,Y20-64,20-64 anni,2022,32.521607,,
A,Annuale,ITE12,Lucca,INAC_R,Tasso di inattività,2,Femmine,Y20-64,20-64 anni,2023,33.876121,,
A,Annuale,ITE12,Lucca,INAC_R,Tasso di inattività,2,Femmine,Y20-64,20-64 anni,2024,30.325888,,
A,Annuale,ITE13,Pistoia,INAC_R,Tasso di inattività,1,Maschi,Y20-64,20-64 anni,2018,16.712434,,
A,Annuale,ITE13,Pistoia,INAC_R,Tasso di inattività,1,Maschi,Y20-64,20-64 anni,2019,15.441239,,
A,Annuale,ITE13,Pistoia,INAC_R,Tasso di inattività,1,Maschi,Y20-64,20-64 anni,2020,20.467521,,
A,Annuale,ITE13,Pistoia,INAC_R,Tasso di inattività,1,Maschi,Y20-64,20-64 anni,2021,15.755839,,
A,Annuale,ITE13,Pistoia,INAC_R,Tasso di inattività,1,Maschi,Y20-64,20-64 anni,2022,16.618848,,
A,Annuale,ITE13,Pistoia,INAC_R,Tasso di inattività,1,Maschi,Y20-64,20-64 anni,2023,15.474743,,
A,Annuale,ITE13,Pistoia,INAC_R,Tasso di inattività,1,Maschi,Y20-64,20-64 anni,2024,13.124075,,
A,Annuale,ITE13,Pistoia,INAC_R,Tasso di inattività,2,Femmine,Y20-64,20-64 anni,2018,31.281688,,
A,Annuale,ITE13,Pistoia,INAC_R,Tasso di inattività,2,Femmine,Y20-64,20-64 anni,2019,34.820127,,
A,Annuale,ITE13,Pistoia,INAC_R,Tasso di inattività,2,Femmine,Y20-64,20-64 anni,2020,37.770268,,
A,Annuale,ITE13,Pistoia,INAC_R,Tasso di inattività,2,Femmine,Y20-64,20-64 anni,2021,33.124079,,
A,Annuale,ITE13,Pistoia,INAC_R,Tasso di inattività,2,Femmine,Y20-64,20-64 anni,2022,30.745453,,
A,Annuale,ITE13,Pistoia,INAC_R,Tasso di inattività,2,Femmine,Y20-64,20-64 anni,2023,32.649388,,
A,Annuale,ITE13,Pistoia,INAC_R,Tasso di inattività,2,Femmine,Y20-64,20-64 anni,2024,34.688714,,
A,Annuale,ITE14,Firenze,INAC_R,Tasso di inattività,1,Maschi,Y20-64,20-64 anni,2018,16.623048,,
A,Annuale,ITE14,Firenze,INAC_R,Tasso di inattività,1,Maschi,Y20-64,20-64 anni,2019,15.194429,,
A,Annuale,ITE14,Firenze,INAC_R,Tasso di inattività,1,Maschi,Y20-64,20-64 anni,2020,15.751813,,
A,Annuale,ITE14,Firenze,INAC_R,Tasso di inattività,1,Maschi,Y20-64,20-64 anni,2021,18.129743,,
A,Annuale,ITE14,Firenze,INAC_R,Tasso di inattività,1,Maschi,Y20-64,20-64 anni,2022,14.309724,,
A,Annuale,ITE14,Firenze,INAC_R,Tasso di inattività,1,Maschi,Y20-64,20-64 anni,2023,14.473694,,
A,Annuale,ITE14,Firenze,INAC_R,Tasso di inattività,1,Maschi,Y20-64,20-64 anni,2024,11.823855,,
A,Annuale,ITE14,Firenze,INAC_R,Tasso di inattività,2,Femmine,Y20-64,20-64 anni,2018,25.048171,,
A,Annuale,ITE14,Firenze,INAC_R,Tasso di inattività,2,Femmine,Y20-64,20-64 anni,2019,24.128757,,
A,Annuale,ITE14,Firenze,INAC_R,Tasso di inattività,2,Femmine,Y20-64,20-64 anni,2020,28.200829,,
A,Annuale,ITE14,Firenze,INAC_R,Tasso di inattività,2,Femmine,Y20-64,20-64 anni,2021,26.607243,,
A,Annuale,ITE14,Firenze,INAC_R,Tasso di inattività,2,Femmine,Y20-64,20-64 anni,2022,20.956323,,
A,Annuale,ITE14,Firenze,INAC_R,Tasso di inattività,2,Femmine,Y20-64,20-64 anni,2023,24.700512,,
A,Annuale,ITE14,Firenze,INAC_R,Tasso di inattività,2,Femmine,Y20-64,20-64 anni,2024,24.520554,,
A,Annuale,ITE16,Livorno,INAC_R,Tasso di inattività,1,Maschi,Y20-64,20-64 anni,2018,18.555891,,
A,Annuale,ITE16,Livorno,INAC_R,Tasso di inattività,1,Maschi,Y20-64,20-64 anni,2019,19.101015,,
A,Annuale,ITE16,Livorno,INAC_R,Tasso di inattività,1,Maschi,Y20-64,20-64 anni,2020,23.834558,,
A,Annuale,ITE16,Livorno,INAC_R,Tasso di inattività,1,Maschi,Y20-64,20-64 anni,2021,20.253689,,
A,Annuale,ITE16,Livorno,INAC_R,Tasso di inattività,1,Maschi,Y20-64,20-64 anni,2022,16.716869,,
A,Annuale,ITE16,Livorno,INAC_R,Tasso di inattività,1,Maschi,Y20-64,20-64 anni,2023,15.307347,,
A,Annuale,ITE16,Livorno,INAC_R,Tasso di inattività,1,Maschi,Y20-64,20-64 anni,2024,15.295555,,
A,Annuale,ITE16,Livorno,INAC_R,Tasso di inattività,2,Femmine,Y20-64,20-64 anni,2018,34.70658,,
A,Annuale,ITE16,Livorno,INAC_R,Tasso di inattività,2,Femmine,Y20-64,20-64 anni,2019,38.265178,,
A,Annuale,ITE16,Livorno,INAC_R,Tasso di inattività,2,Femmine,Y20-64,20-64 anni,2020,35.32756,,
A,Annuale,ITE16,Livorno,INAC_R,Tasso di inattività,2,Femmine,Y20-64,20-64 anni,2021,33.656691,,
A,Annuale,ITE16,Livorno,INAC_R,Tasso di inattività,2,Femmine,Y20-64,20-64 anni,2022,34.395324,,
A,Annuale,ITE16,Livorno,INAC_R,Tasso di inattività,2,Femmine,Y20-64,20-64 anni,2023,35.255958,,
A,Annuale,ITE16,Livorno,INAC_R,Tasso di inattività,2,Femmine,Y20-64,20-64 anni,2024,28.935732,,
A,Annuale,ITE17,Pisa,INAC_R,Tasso di inattività,1,Maschi,Y20-64,20-64 anni,2018,14.721614,,
A,Annuale,ITE17,Pisa,INAC_R,Tasso di inattività,1,Maschi,Y20-64,20-64 anni,2019,15.696278,,
A,Annuale,ITE17,Pisa,INAC_R,Tasso di inattività,1,Maschi,Y20-64,20-64 anni,2020,15.853037,,
A,Annuale,ITE17,Pisa,INAC_R,Tasso di inattività,1,Maschi,Y20-64,20-64 anni,2021,16.488357,,
A,Annuale,ITE17,Pisa,INAC_R,Tasso di inattività,1,Maschi,Y20-64,20-64 anni,2022,16.789789,,
A,Annuale,ITE17,Pisa,INAC_R,Tasso di inattività,1,Maschi,Y20-64,20-64 anni,2023,13.6293,,
A,Annuale,ITE17,Pisa,INAC_R,Tasso di inattività,1,Maschi,Y20-64,20-64 anni,2024,14.048966,,
A,Annuale,ITE17,Pisa,INAC_R,Tasso di inattività,2,Femmine,Y20-64,20-64 anni,2018,28.260762,,
A,Annuale,ITE17,Pisa,INAC_R,Tasso di inattività,2,Femmine,Y20-64,20-64 anni,2019,29.405626,,
A,Annuale,ITE17,Pisa,INAC_R,Tasso di inattività,2,Femmine,Y20-64,20-64 anni,2020,31.884105,,
A,Annuale,ITE17,Pisa,INAC_R,Tasso di inattività,2,Femmine,Y20-64,20-64 anni,2021,29.475464,,
A,Annuale,ITE17,Pisa,INAC_R,Tasso di inattività,2,Femmine,Y20-64,20-64 anni,2022,27.212338,,
A,Annuale,ITE17,Pisa,INAC_R,Tasso di inattività,2,Femmine,Y20-64,20-64 anni,2023,26.738358,,
A,Annuale,ITE17,Pisa,INAC_R,Tasso di inattività,2,Femmine,Y20-64,20-64 anni,2024,30.654861,,
A,Annuale,ITE18,Arezzo,INAC_R,Tasso di inattività,1,Maschi,Y20-64,20-64 anni,2018,15.345877,,
A,Annuale,ITE18,Arezzo,INAC_R,Tasso di inattività,1,Maschi,Y20-64,20-64 anni,2019,16.2485,,
A,Annuale,ITE18,Arezzo,INAC_R,Tasso di inattività,1,Maschi,Y20-64,20-64 anni,2020,17.280511,,
A,Annuale,ITE18,Arezzo,INAC_R,Tasso di inattività,1,Maschi,Y20-64,20-64 anni,2021,13.491373,,
A,Annuale,ITE18,Arezzo,INAC_R,Tasso di inattività,1,Maschi,Y20-64,20-64 anni,2022,13.469065,,
A,Annuale,ITE18,Arezzo,INAC_R,Tasso di inattività,1,Maschi,Y20-64,20-64 anni,2023,11.099894,,
A,Annuale,ITE18,Arezzo,INAC_R,Tasso di inattività,1,Maschi,Y20-64,20-64 anni,2024,11.043447,,
A,Annuale,ITE18,Arezzo,INAC_R,Tasso di inattività,2,Femmine,Y20-64,20-64 anni,2018,32.240074,,
A,Annuale,ITE18,Arezzo,INAC_R,Tasso di inattività,2,Femmine,Y20-64,20-64 anni,2019,27.454396,,
A,Annuale,ITE18,Arezzo,INAC_R,Tasso di inattività,2,Femmine,Y20-64,20-64 anni,2020,28.545818,,
A,Annuale,ITE18,Arezzo,INAC_R,Tasso di inattività,2,Femmine,Y20-64,20-64 anni,2021,28.159697,,
A,Annuale,ITE18,Arezzo,INAC_R,Tasso di inattività,2,Femmine,Y20-64,20-64 anni,2022,29.015759,,
A,Annuale,ITE18,Arezzo,INAC_R,Tasso di inattività,2,Femmine,Y20-64,20-64 anni,2023,25.165563,,
A,Annuale,ITE18,Arezzo,INAC_R,Tasso di inattività,2,Femmine,Y20-64,20-64 anni,2024,30.36652,,
A,Annuale,ITE19,Siena,INAC_R,Tasso di inattività,1,Maschi,Y20-64,20-64 anni,2018,13.693461,,
A,Annuale,ITE19,Siena,INAC_R,Tasso di inattività,1,Maschi,Y20-64,20-64 anni,2019,14.357108,,
A,Annuale,ITE19,Siena,INAC_R,Tasso di inattività,1,Maschi,Y20-64,20-64 anni,2020,14.417366,,
A,Annuale,ITE19,Siena,INAC_R,Tasso di inattività,1,Maschi,Y20-64,20-64 anni,2021,15.690863,,
A,Annuale,ITE19,Siena,INAC_R,Tasso di inattività,1,Maschi,Y20-64,20-64 anni,2022,14.606635,,
A,Annuale,ITE19,Siena,INAC_R,Tasso di inattività,1,Maschi,Y20-64,20-64 anni,2023,13.560017,,
A,Annuale,ITE19,Siena,INAC_R,Tasso di inattività,1,Maschi,Y20-64,20-64 anni,2024,14.464343,,
A,Annuale,ITE19,Siena,INAC_R,Tasso di inattività,2,Femmine,Y20-64,20-64 anni,2018,27.206728,,
A,Annuale,ITE19,Siena,INAC_R,Tasso di inattività,2,Femmine,Y20-64,20-64 anni,2019,26.820043,,
A,Annuale,ITE19,Siena,INAC_R,Tasso di inattività,2,Femmine,Y20-64,20-64 anni,2020,29.837849,,
A,Annuale,ITE19,Siena,INAC_R,Tasso di inattività,2,Femmine,Y20-64,20-64 anni,2021,30.666125,,
A,Annuale,ITE19,Siena,INAC_R,Tasso di inattività,2,Femmine,Y20-64,20-64 anni,2022,30.566847,,
A,Annuale,ITE19,Siena,INAC_R,Tasso di inattività,2,Femmine,Y20-64,20-64 anni,2023,27.19348,,
A,Annuale,ITE19,Siena,INAC_R,Tasso di inattività,2,Femmine,Y20-64,20-64 anni,2024,26.918409,,
A,Annuale,ITE1A,Grosseto,INAC_R,Tasso di inattività,1,Maschi,Y20-64,20-64 anni,2018,18.62916,,
A,Annuale,ITE1A,Grosseto,INAC_R,Tasso di inattività,1,Maschi,Y20-64,20-64 anni,2019,16.578934,,
A,Annuale,ITE1A,Grosseto,INAC_R,Tasso di inattività,1,Maschi,Y20-64,20-64 anni,2020,17.996187,,
A,Annuale,ITE1A,Grosseto,INAC_R,Tasso di inattività,1,Maschi,Y20-64,20-64 anni,2021,15.040697,,
A,Annuale,ITE1A,Grosseto,INAC_R,Tasso di inattività,1,Maschi,Y20-64,20-64 anni,2022,10.600871,,
A,Annuale,ITE1A,Grosseto,INAC_R,Tasso di inattività,1,Maschi,Y20-64,20-64 anni,2023,12.820941,,
A,Annuale,ITE1A,Grosseto,INAC_R,Tasso di inattività,1,Maschi,Y20-64,20-64 anni,2024,12.482816,,
A,Annuale,ITE1A,Grosseto,INAC_R,Tasso di inattività,2,Femmine,Y20-64,20-64 anni,2018,30.549591,,
A,Annuale,ITE1A,Grosseto,INAC_R,Tasso di inattività,2,Femmine,Y20-64,20-64 anni,2019,30.54152,,
A,Annuale,ITE1A,Grosseto,INAC_R,Tasso di inattività,2,Femmine,Y20-64,20-64 anni,2020,33.830613,,
A,Annuale,ITE1A,Grosseto,INAC_R,Tasso di inattività,2,Femmine,Y20-64,20-64 anni,2021,32.041377,,
A,Annuale,ITE1A,Grosseto,INAC_R,Tasso di inattività,2,Femmine,Y20-64,20-64 anni,2022,32.696494,,
A,Annuale,ITE1A,Grosseto,INAC_R,Tasso di inattività,2,Femmine,Y20-64,20-64 anni,2023,30.634172,,
A,Annuale,ITE1A,Grosseto,INAC_R,Tasso di inattività,2,Femmine,Y20-64,20-64 anni,2024,27.268736,,
A,Annuale,ITE15,Prato,INAC_R,Tasso di inattività,1,Maschi,Y20-64,20-64 anni,2018,15.414793,,
A,Annuale,ITE15,Prato,INAC_R,Tasso di inattività,1,Maschi,Y20-64,20-64 anni,2019,14.943066,,
A,Annuale,ITE15,Prato,INAC_R,Tasso di inattività,1,Maschi,Y20-64,20-64 anni,2020,17.057578,,
A,Annuale,ITE15,Prato,INAC_R,Tasso di inattività,1,Maschi,Y20-64,20-64 anni,2021,19.157315,,
A,Annuale,ITE15,Prato,INAC_R,Tasso di inattività,1,Maschi,Y20-64,20-64 anni,2022,13.313061,,
A,Annuale,ITE15,Prato,INAC_R,Tasso di inattività,1,Maschi,Y20-64,20-64 anni,2023,12.833346,,
A,Annuale,ITE15,Prato,INAC_R,Tasso di inattività,1,Maschi,Y20-64,20-64 anni,2024,12.895826,,
A,Annuale,ITE15,Prato,INAC_R,Tasso di inattività,2,Femmine,Y20-64,20-64 anni,2018,28.315909,,
A,Annuale,ITE15,Prato,INAC_R,Tasso di inattività,2,Femmine,Y20-64,20-64 anni,2019,29.784802,,
A,Annuale,ITE15,Prato,INAC_R,Tasso di inattività,2,Femmine,Y20-64,20-64 anni,2020,28.887567,,
A,Annuale,ITE15,Prato,INAC_R,Tasso di inattività,2,Femmine,Y20-64,20-64 anni,2021,30.081862,,
A,Annuale,ITE15,Prato,INAC_R,Tasso di inattività,2,Femmine,Y20-64,20-64 anni,2022,27.146274,,
A,Annuale,ITE15,Prato,INAC_R,Tasso di inattività,2,Femmine,Y20-64,20-64 anni,2023,26.730524,,
A,Annuale,ITE15,Prato,INAC_R,Tasso di inattività,2,Femmine,Y20-64,20-64 anni,2024,23.665739,,
A,Annuale,ITE21,Perugia,INAC_R,Tasso di inattività,1,Maschi,Y20-64,20-64 anni,2018,16.129992,,
A,Annuale,ITE21,Perugia,INAC_R,Tasso di inattività,1,Maschi,Y20-64,20-64 anni,2019,16.502707,,
A,Annuale,ITE21,Perugia,INAC_R,Tasso di inattività,1,Maschi,Y20-64,20-64 anni,2020,17.817156,,
A,Annuale,ITE21,Perugia,INAC_R,Tasso di inattività,1,Maschi,Y20-64,20-64 anni,2021,17.82597,,
A,Annuale,ITE21,Perugia,INAC_R,Tasso di inattività,1,Maschi,Y20-64,20-64 anni,2022,16.251056,,
A,Annuale,ITE21,Perugia,INAC_R,Tasso di inattività,1,Maschi,Y20-64,20-64 anni,2023,15.18305,,
A,Annuale,ITE21,Perugia,INAC_R,Tasso di inattività,1,Maschi,Y20-64,20-64 anni,2024,16.152846,,
A,Annuale,ITE21,Perugia,INAC_R,Tasso di inattività,2,Femmine,Y20-64,20-64 anni,2018,32.998526,,
A,Annuale,ITE21,Perugia,INAC_R,Tasso di inattività,2,Femmine,Y20-64,20-64 anni,2019,30.58269,,
A,Annuale,ITE21,Perugia,INAC_R,Tasso di inattività,2,Femmine,Y20-64,20-64 anni,2020,30.390533,,
A,Annuale,ITE21,Perugia,INAC_R,Tasso di inattività,2,Femmine,Y20-64,20-64 anni,2021,31.048237,,
A,Annuale,ITE21,Perugia,INAC_R,Tasso di inattività,2,Femmine,Y20-64,20-64 anni,2022,30.406947,,
A,Annuale,ITE21,Perugia,INAC_R,Tasso di inattività,2,Femmine,Y20-64,20-64 anni,2023,28.446042,,
A,Annuale,ITE21,Perugia,INAC_R,Tasso di inattività,2,Femmine,Y20-64,20-64 anni,2024,27.558204,,
A,Annuale,ITE22,Terni,INAC_R,Tasso di inattività,1,Maschi,Y20-64,20-64 anni,2018,19.664296,,
A,Annuale,ITE22,Terni,INAC_R,Tasso di inattività,1,Maschi,Y20-64,20-64 anni,2019,19.651505,,
A,Annuale,ITE22,Terni,INAC_R,Tasso di inattività,1,Maschi,Y20-64,20-64 anni,2020,23.007142,,
A,Annuale,ITE22,Terni,INAC_R,Tasso di inattività,1,Maschi,Y20-64,20-64 anni,2021,19.3413,,
A,Annuale,ITE22,Terni,INAC_R,Tasso di inattività,1,Maschi,Y20-64,20-64 anni,2022,20.047442,,
A,Annuale,ITE22,Terni,INAC_R,Tasso di inattività,1,Maschi,Y20-64,20-64 anni,2023,17.868349,,
A,Annuale,ITE22,Terni,INAC_R,Tasso di inattività,1,Maschi,Y20-64,20-64 anni,2024,14.473222,,
A,Annuale,ITE22,Terni,INAC_R,Tasso di inattività,2,Femmine,Y20-64,20-64 anni,2018,38.067941,,
A,Annuale,ITE22,Terni,INAC_R,Tasso di inattività,2,Femmine,Y20-64,20-64 anni,2019,33.567194,,
A,Annuale,ITE22,Terni,INAC_R,Tasso di inattività,2,Femmine,Y20-64,20-64 anni,2020,40.755007,,
A,Annuale,ITE22,Terni,INAC_R,Tasso di inattività,2,Femmine,Y20-64,20-64 anni,2021,39.732741,,
A,Annuale,ITE22,Terni,INAC_R,Tasso di inattività,2,Femmine,Y20-64,20-64 anni,2022,38.159189,,
A,Annuale,ITE22,Terni,INAC_R,Tasso di inattività,2,Femmine,Y20-64,20-64 anni,2023,40.230983,,
A,Annuale,ITE22,Terni,INAC_R,Tasso di inattività,2,Femmine,Y20-64,20-64 anni,2024,37.496726,,
A,Annuale,ITE31,Pesaro e Urbino,INAC_R,Tasso di inattività,1,Maschi,Y20-64,20-64 anni,2018,15.667243,,
A,Annuale,ITE31,Pesaro e Urbino,INAC_R,Tasso di inattività,1,Maschi,Y20-64,20-64 anni,2019,15.152371,,
A,Annuale,ITE31,Pesaro e Urbino,INAC_R,Tasso di inattività,1,Maschi,Y20-64,20-64 anni,2020,16.394757,,
A,Annuale,ITE31,Pesaro e Urbino,INAC_R,Tasso di inattività,1,Maschi,Y20-64,20-64 anni,2021,15.845357,,
A,Annuale,ITE31,Pesaro e Urbino,INAC_R,Tasso di inattività,1,Maschi,Y20-64,20-64 anni,2022,14.932291,,
A,Annuale,ITE31,Pesaro e Urbino,INAC_R,Tasso di inattività,1,Maschi,Y20-64,20-64 anni,2023,15.417079,,
A,Annuale,ITE31,Pesaro e Urbino,INAC_R,Tasso di inattività,1,Maschi,Y20-64,20-64 anni,2024,18.540684,,
A,Annuale,ITE31,Pesaro e Urbino,INAC_R,Tasso di inattività,2,Femmine,Y20-64,20-64 anni,2018,33.250407,,
A,Annuale,ITE31,Pesaro e Urbino,INAC_R,Tasso di inattività,2,Femmine,Y20-64,20-64 anni,2019,32.322222,,
A,Annuale,ITE31,Pesaro e Urbino,INAC_R,Tasso di inattività,2,Femmine,Y20-64,20-64 anni,2020,29.714911,,
A,Annuale,ITE31,Pesaro e Urbino,INAC_R,Tasso di inattività,2,Femmine,Y20-64,20-64 anni,2021,30.630852,,
A,Annuale,ITE31,Pesaro e Urbino,INAC_R,Tasso di inattività,2,Femmine,Y20-64,20-64 anni,2022,29.076919,,
A,Annuale,ITE31,Pesaro e Urbino,INAC_R,Tasso di inattività,2,Femmine,Y20-64,20-64 anni,2023,27.344179,,
A,Annuale,ITE31,Pesaro e Urbino,INAC_R,Tasso di inattività,2,Femmine,Y20-64,20-64 anni,2024,26.594365,,
A,Annuale,ITE32,Ancona,INAC_R,Tasso di inattività,1,Maschi,Y20-64,20-64 anni,2018,16.536723,,
A,Annuale,ITE32,Ancona,INAC_R,Tasso di inattività,1,Maschi,Y20-64,20-64 anni,2019,16.553211,,
A,Annuale,ITE32,Ancona,INAC_R,Tasso di inattività,1,Maschi,Y20-64,20-64 anni,2020,18.13913,,
A,Annuale,ITE32,Ancona,INAC_R,Tasso di inattività,1,Maschi,Y20-64,20-64 anni,2021,17.07562,,
A,Annuale,ITE32,Ancona,INAC_R,Tasso di inattività,1,Maschi,Y20-64,20-64 anni,2022,15.683974,,
A,Annuale,ITE32,Ancona,INAC_R,Tasso di inattività,1,Maschi,Y20-64,20-64 anni,2023,15.708322,,
A,Annuale,ITE32,Ancona,INAC_R,Tasso di inattività,1,Maschi,Y20-64,20-64 anni,2024,18.274135,,
A,Annuale,ITE32,Ancona,INAC_R,Tasso di inattività,2,Femmine,Y20-64,20-64 anni,2018,30.511404,,
A,Annuale,ITE32,Ancona,INAC_R,Tasso di inattività,2,Femmine,Y20-64,20-64 anni,2019,27.218438,,
A,Annuale,ITE32,Ancona,INAC_R,Tasso di inattività,2,Femmine,Y20-64,20-64 anni,2020,32.866671,,
A,Annuale,ITE32,Ancona,INAC_R,Tasso di inattività,2,Femmine,Y20-64,20-64 anni,2021,30.656211,,
A,Annuale,ITE32,Ancona,INAC_R,Tasso di inattività,2,Femmine,Y20-64,20-64 anni,2022,26.347618,,
A,Annuale,ITE32,Ancona,INAC_R,Tasso di inattività,2,Femmine,Y20-64,20-64 anni,2023,27.613701,,
A,Annuale,ITE32,Ancona,INAC_R,Tasso di inattività,2,Femmine,Y20-64,20-64 anni,2024,28.793961,,
A,Annuale,ITE33,Macerata,INAC_R,Tasso di inattività,1,Maschi,Y20-64,20-64 anni,2018,14.794514,,
A,Annuale,ITE33,Macerata,INAC_R,Tasso di inattività,1,Maschi,Y20-64,20-64 anni,2019,15.545066,,
A,Annuale,ITE33,Macerata,INAC_R,Tasso di inattività,1,Maschi,Y20-64,20-64 anni,2020,18.816185,,
A,Annuale,ITE33,Macerata,INAC_R,Tasso di inattività,1,Maschi,Y20-64,20-64 anni,2021,17.628032,,
A,Annuale,ITE33,Macerata,INAC_R,Tasso di inattività,1,Maschi,Y20-64,20-64 anni,2022,14.386466,,
A,Annuale,ITE33,Macerata,INAC_R,Tasso di inattività,1,Maschi,Y20-64,20-64 anni,2023,16.06223,,
A,Annuale,ITE33,Macerata,INAC_R,Tasso di inattività,1,Maschi,Y20-64,20-64 anni,2024,20.084743,,
A,Annuale,ITE33,Macerata,INAC_R,Tasso di inattività,2,Femmine,Y20-64,20-64 anni,2018,34.565335,,
A,Annuale,ITE33,Macerata,INAC_R,Tasso di inattività,2,Femmine,Y20-64,20-64 anni,2019,32.891604,,
A,Annuale,ITE33,Macerata,INAC_R,Tasso di inattività,2,Femmine,Y20-64,20-64 anni,2020,36.021958,,
A,Annuale,ITE33,Macerata,INAC_R,Tasso di inattività,2,Femmine,Y20-64,20-64 anni,2021,37.841596,,
A,Annuale,ITE33,Macerata,INAC_R,Tasso di inattività,2,Femmine,Y20-64,20-64 anni,2022,35.823465,,
A,Annuale,ITE33,Macerata,INAC_R,Tasso di inattività,2,Femmine,Y20-64,20-64 anni,2023,35.294049,,
A,Annuale,ITE33,Macerata,INAC_R,Tasso di inattività,2,Femmine,Y20-64,20-64 anni,2024,31.848349,,
A,Annuale,ITE34,Ascoli Piceno,INAC_R,Tasso di inattività,1,Maschi,Y20-64,20-64 anni,2018,18.869735,,
A,Annuale,ITE34,Ascoli Piceno,INAC_R,Tasso di inattività,1,Maschi,Y20-64,20-64 anni,2019,18.755812,,
A,Annuale,ITE34,Ascoli Piceno,INAC_R,Tasso di inattività,1,Maschi,Y20-64,20-64 anni,2020,18.557703,,
A,Annuale,ITE34,Ascoli Piceno,INAC_R,Tasso di inattività,1,Maschi,Y20-64,20-64 anni,2021,18.447167,,
A,Annuale,ITE34,Ascoli Piceno,INAC_R,Tasso di inattività,1,Maschi,Y20-64,20-64 anni,2022,18.646528,,
A,Annuale,ITE34,Ascoli Piceno,INAC_R,Tasso di inattività,1,Maschi,Y20-64,20-64 anni,2023,19.696943,,
A,Annuale,ITE34,Ascoli Piceno,INAC_R,Tasso di inattività,1,Maschi,Y20-64,20-64 anni,2024,14.70484,,
A,Annuale,ITE34,Ascoli Piceno,INAC_R,Tasso di inattività,2,Femmine,Y20-64,20-64 anni,2018,37.411215,,
A,Annuale,ITE34,Ascoli Piceno,INAC_R,Tasso di inattività,2,Femmine,Y20-64,20-64 anni,2019,34.0495,,
A,Annuale,ITE34,Ascoli Piceno,INAC_R,Tasso di inattività,2,Femmine,Y20-64,20-64 anni,2020,40.112459,,
A,Annuale,ITE34,Ascoli Piceno,INAC_R,Tasso di inattività,2,Femmine,Y20-64,20-64 anni,2021,40.985495,,
A,Annuale,ITE34,Ascoli Piceno,INAC_R,Tasso di inattività,2,Femmine,Y20-64,20-64 anni,2022,32.311926,,
A,Annuale,ITE34,Ascoli Piceno,INAC_R,Tasso di inattività,2,Femmine,Y20-64,20-64 anni,2023,28.979478,,
A,Annuale,ITE34,Ascoli Piceno,INAC_R,Tasso di inattività,2,Femmine,Y20-64,20-64 anni,2024,27.292861,,
A,Annuale,IT109,Fermo,INAC_R,Tasso di inattività,1,Maschi,Y20-64,20-64 anni,2018,14.599856,,
A,Annuale,IT109,Fermo,INAC_R,Tasso di inattività,1,Maschi,Y20-64,20-64 anni,2019,16.760075,,
A,Annuale,IT109,Fermo,INAC_R,Tasso di inattività,1,Maschi,Y20-64,20-64 anni,2020,21.341439,,
A,Annuale,IT109,Fermo,INAC_R,Tasso di inattività,1,Maschi,Y20-64,20-64 anni,2021,19.75144,,
A,Annuale,IT109,Fermo,INAC_R,Tasso di inattività,1,Maschi,Y20-64,20-64 anni,2022,19.657625,,
A,Annuale,IT109,Fermo,INAC_R,Tasso di inattività,1,Maschi,Y20-64,20-64 anni,2023,19.105334,,
A,Annuale,IT109,Fermo,INAC_R,Tasso di inattività,1,Maschi,Y20-64,20-64 anni,2024,18.195251,,
A,Annuale,IT109,Fermo,INAC_R,Tasso di inattività,2,Femmine,Y20-64,20-64 anni,2018,34.073594,,
A,Annuale,IT109,Fermo,INAC_R,Tasso di inattività,2,Femmine,Y20-64,20-64 anni,2019,31.357157,,
A,Annuale,IT109,Fermo,INAC_R,Tasso di inattività,2,Femmine,Y20-64,20-64 anni,2020,37.569094,,
A,Annuale,IT109,Fermo,INAC_R,Tasso di inattività,2,Femmine,Y20-64,20-64 anni,2021,38.432806,,
A,Annuale,IT109,Fermo,INAC_R,Tasso di inattività,2,Femmine,Y20-64,20-64 anni,2022,33.986714,,
A,Annuale,IT109,Fermo,INAC_R,Tasso di inattività,2,Femmine,Y20-64,20-64 anni,2023,36.402711,,
A,Annuale,IT109,Fermo,INAC_R,Tasso di inattività,2,Femmine,Y20-64,20-64 anni,2024,38.13453,,
A,Annuale,ITE41,Viterbo,INAC_R,Tasso di inattività,1,Maschi,Y20-64,20-64 anni,2018,20.828677,,
A,Annuale,ITE41,Viterbo,INAC_R,Tasso di inattività,1,Maschi,Y20-64,20-64 anni,2019,23.860255,,
A,Annuale,ITE41,Viterbo,INAC_R,Tasso di inattività,1,Maschi,Y20-64,20-64 anni,2020,24.000353,,
A,Annuale,ITE41,Viterbo,INAC_R,Tasso di inattività,1,Maschi,Y20-64,20-64 anni,2021,17.551727,,
A,Annuale,ITE41,Viterbo,INAC_R,Tasso di inattività,1,Maschi,Y20-64,20-64 anni,2022,21.197639,,
A,Annuale,ITE41,Viterbo,INAC_R,Tasso di inattività,1,Maschi,Y20-64,20-64 anni,2023,21.505842,,
A,Annuale,ITE41,Viterbo,INAC_R,Tasso di inattività,1,Maschi,Y20-64,20-64 anni,2024,20.464596,,
A,Annuale,ITE41,Viterbo,INAC_R,Tasso di inattività,2,Femmine,Y20-64,20-64 anni,2018,43.669532,,
A,Annuale,ITE41,Viterbo,INAC_R,Tasso di inattività,2,Femmine,Y20-64,20-64 anni,2019,46.300633,,
A,Annuale,ITE41,Viterbo,INAC_R,Tasso di inattività,2,Femmine,Y20-64,20-64 anni,2020,46.776595,,
A,Annuale,ITE41,Viterbo,INAC_R,Tasso di inattività,2,Femmine,Y20-64,20-64 anni,2021,47.044224,,
A,Annuale,ITE41,Viterbo,INAC_R,Tasso di inattività,2,Femmine,Y20-64,20-64 anni,2022,44.428133,,
A,Annuale,ITE41,Viterbo,INAC_R,Tasso di inattività,2,Femmine,Y20-64,20-64 anni,2023,41.195025,,
A,Annuale,ITE41,Viterbo,INAC_R,Tasso di inattività,2,Femmine,Y20-64,20-64 anni,2024,34.589159,,
A,Annuale,ITE42,Rieti,INAC_R,Tasso di inattività,1,Maschi,Y20-64,20-64 anni,2018,21.828552,,
A,Annuale,ITE42,Rieti,INAC_R,Tasso di inattività,1,Maschi,Y20-64,20-64 anni,2019,20.615364,,
A,Annuale,ITE42,Rieti,INAC_R,Tasso di inattività,1,Maschi,Y20-64,20-64 anni,2020,23.61067,,
A,Annuale,ITE42,Rieti,INAC_R,Tasso di inattività,1,Maschi,Y20-64,20-64 anni,2021,22.717541,,
A,Annuale,ITE42,Rieti,INAC_R,Tasso di inattività,1,Maschi,Y20-64,20-64 anni,2022,21.813496,,
A,Annuale,ITE42,Rieti,INAC_R,Tasso di inattività,1,Maschi,Y20-64,20-64 anni,2023,17.970923,,
A,Annuale,ITE42,Rieti,INAC_R,Tasso di inattività,1,Maschi,Y20-64,20-64 anni,2024,19.418255,,
A,Annuale,ITE42,Rieti,INAC_R,Tasso di inattività,2,Femmine,Y20-64,20-64 anni,2018,42.213913,,
A,Annuale,ITE42,Rieti,INAC_R,Tasso di inattività,2,Femmine,Y20-64,20-64 anni,2019,38.925339,,
A,Annuale,ITE42,Rieti,INAC_R,Tasso di inattività,2,Femmine,Y20-64,20-64 anni,2020,43.623995,,
A,Annuale,ITE42,Rieti,INAC_R,Tasso di inattività,2,Femmine,Y20-64,20-64 anni,2021,39.685255,,
A,Annuale,ITE42,Rieti,INAC_R,Tasso di inattività,2,Femmine,Y20-64,20-64 anni,2022,39.494693,,
A,Annuale,ITE42,Rieti,INAC_R,Tasso di inattività,2,Femmine,Y20-64,20-64 anni,2023,37.748283,,
A,Annuale,ITE42,Rieti,INAC_R,Tasso di inattività,2,Femmine,Y20-64,20-64 anni,2024,35.877569,,
A,Annuale,ITE43,Roma,INAC_R,Tasso di inattività,1,Maschi,Y20-64,20-64 anni,2018,16.182618,,
A,Annuale,ITE43,Roma,INAC_R,Tasso di inattività,1,Maschi,Y20-64,20-64 anni,2019,16.343043,,
A,Annuale,ITE43,Roma,INAC_R,Tasso di inattività,1,Maschi,Y20-64,20-64 anni,2020,18.619279,,
A,Annuale,ITE43,Roma,INAC_R,Tasso di inattività,1,Maschi,Y20-64,20-64 anni,2021,18.890412,,
A,Annuale,ITE43,Roma,INAC_R,Tasso di inattività,1,Maschi,Y20-64,20-64 anni,2022,18.423359,,
A,Annuale,ITE43,Roma,INAC_R,Tasso di inattività,1,Maschi,Y20-64,20-64 anni,2023,16.962928,,
A,Annuale,ITE43,Roma,INAC_R,Tasso di inattività,1,Maschi,Y20-64,20-64 anni,2024,16.749066,,
A,Annuale,ITE43,Roma,INAC_R,Tasso di inattività,2,Femmine,Y20-64,20-64 anni,2018,31.882366,,
A,Annuale,ITE43,Roma,INAC_R,Tasso di inattività,2,Femmine,Y20-64,20-64 anni,2019,32.154054,,
A,Annuale,ITE43,Roma,INAC_R,Tasso di inattività,2,Femmine,Y20-64,20-64 anni,2020,35.555134,,
A,Annuale,ITE43,Roma,INAC_R,Tasso di inattività,2,Femmine,Y20-64,20-64 anni,2021,34.53056,,
A,Annuale,ITE43,Roma,INAC_R,Tasso di inattività,2,Femmine,Y20-64,20-64 anni,2022,33.172203,,
A,Annuale,ITE43,Roma,INAC_R,Tasso di inattività,2,Femmine,Y20-64,20-64 anni,2023,32.400029,,
A,Annuale,ITE43,Roma,INAC_R,Tasso di inattività,2,Femmine,Y20-64,20-64 anni,2024,32.339595,,
A,Annuale,ITE44,Latina,INAC_R,Tasso di inattività,1,Maschi,Y20-64,20-64 anni,2018,17.638872,,
A,Annuale,ITE44,Latina,INAC_R,Tasso di inattività,1,Maschi,Y20-64,20-64 anni,2019,19.798209,,
A,Annuale,ITE44,Latina,INAC_R,Tasso di inattività,1,Maschi,Y20-64,20-64 anni,2020,22.73868,,
A,Annuale,ITE44,Latina,INAC_R,Tasso di inattività,1,Maschi,Y20-64,20-64 anni,2021,23.205696,,
A,Annuale,ITE44,Latina,INAC_R,Tasso di inattività,1,Maschi,Y20-64,20-64 anni,2022,23.550898,,
A,Annuale,ITE44,Latina,INAC_R,Tasso di inattività,1,Maschi,Y20-64,20-64 anni,2023,20.538626,,
A,Annuale,ITE44,Latina,INAC_R,Tasso di inattività,1,Maschi,Y20-64,20-64 anni,2024,18.574385,,
A,Annuale,ITE44,Latina,INAC_R,Tasso di inattività,2,Femmine,Y20-64,20-64 anni,2018,46.746948,,
A,Annuale,ITE44,Latina,INAC_R,Tasso di inattività,2,Femmine,Y20-64,20-64 anni,2019,45.380042,,
A,Annuale,ITE44,Latina,INAC_R,Tasso di inattività,2,Femmine,Y20-64,20-64 anni,2020,46.054644,,
A,Annuale,ITE44,Latina,INAC_R,Tasso di inattività,2,Femmine,Y20-64,20-64 anni,2021,44.256295,,
A,Annuale,ITE44,Latina,INAC_R,Tasso di inattività,2,Femmine,Y20-64,20-64 anni,2022,44.710262,,
A,Annuale,ITE44,Latina,INAC_R,Tasso di inattività,2,Femmine,Y20-64,20-64 anni,2023,44.151453,,
A,Annuale,ITE44,Latina,INAC_R,Tasso di inattività,2,Femmine,Y20-64,20-64 anni,2024,47.582412,,
A,Annuale,ITE45,Frosinone,INAC_R,Tasso di inattività,1,Maschi,Y20-64,20-64 anni,2018,23.652356,,
A,Annuale,ITE45,Frosinone,INAC_R,Tasso di inattività,1,Maschi,Y20-64,20-64 anni,2019,27.346956,,
A,Annuale,ITE45,Frosinone,INAC_R,Tasso di inattività,1,Maschi,Y20-64,20-64 anni,2020,23.561414,,
A,Annuale,ITE45,Frosinone,INAC_R,Tasso di inattività,1,Maschi,Y20-64,20-64 anni,2021,18.453228,,
A,Annuale,ITE45,Frosinone,INAC_R,Tasso di inattività,1,Maschi,Y20-64,20-64 anni,2022,21.467678,,
A,Annuale,ITE45,Frosinone,INAC_R,Tasso di inattività,1,Maschi,Y20-64,20-64 anni,2023,21.406353,,
A,Annuale,ITE45,Frosinone,INAC_R,Tasso di inattività,1,Maschi,Y20-64,20-64 anni,2024,20.745386,,
A,Annuale,ITE45,Frosinone,INAC_R,Tasso di inattività,2,Femmine,Y20-64,20-64 anni,2018,48.964381,,
A,Annuale,ITE45,Frosinone,INAC_R,Tasso di inattività,2,Femmine,Y20-64,20-64 anni,2019,52.72951,,
A,Annuale,ITE45,Frosinone,INAC_R,Tasso di inattività,2,Femmine,Y20-64,20-64 anni,2020,54.93196,,
A,Annuale,ITE45,Frosinone,INAC_R,Tasso di inattività,2,Femmine,Y20-64,20-64 anni,2021,48.956264,,
A,Annuale,ITE45,Frosinone,INAC_R,Tasso di inattività,2,Femmine,Y20-64,20-64 anni,2022,46.594353,,
A,Annuale,ITE45,Frosinone,INAC_R,Tasso di inattività,2,Femmine,Y20-64,20-64 anni,2023,45.70249,,
A,Annuale,ITE45,Frosinone,INAC_R,Tasso di inattività,2,Femmine,Y20-64,20-64 anni,2024,44.603703,,
A,Annuale,ITF11,'L"'Aquila',INAC_R,Tasso di inattività,1,Maschi,Y20-64,20-64 anni,2018,19.421253,,
A,Annuale,ITF11,'L"'Aquila',INAC_R,Tasso di inattività,1,Maschi,Y20-64,20-64 anni,2019,19.974711,,
A,Annuale,ITF11,'L"'Aquila',INAC_R,Tasso di inattività,1,Maschi,Y20-64,20-64 anni,2020,21.431083,,
A,Annuale,ITF11,'L"'Aquila',INAC_R,Tasso di inattività,1,Maschi,Y20-64,20-64 anni,2021,21.506546,,
A,Annuale,ITF11,'L"'Aquila',INAC_R,Tasso di inattività,1,Maschi,Y20-64,20-64 anni,2022,20.502522,,
A,Annuale,ITF11,'L"'Aquila',INAC_R,Tasso di inattività,1,Maschi,Y20-64,20-64 anni,2023,18.206323,,
A,Annuale,ITF11,'L"'Aquila',INAC_R,Tasso di inattività,1,Maschi,Y20-64,20-64 anni,2024,15.796241,,
A,Annuale,ITF11,'L"'Aquila',INAC_R,Tasso di inattività,2,Femmine,Y20-64,20-64 anni,2018,43.091049,,
A,Annuale,ITF11,'L"'Aquila',INAC_R,Tasso di inattività,2,Femmine,Y20-64,20-64 anni,2019,43.110297,,
A,Annuale,ITF11,'L"'Aquila',INAC_R,Tasso di inattività,2,Femmine,Y20-64,20-64 anni,2020,44.676569,,
A,Annuale,ITF11,'L"'Aquila',INAC_R,Tasso di inattività,2,Femmine,Y20-64,20-64 anni,2021,43.788535,,
A,Annuale,ITF11,'L"'Aquila',INAC_R,Tasso di inattività,2,Femmine,Y20-64,20-64 anni,2022,45.5944,,
A,Annuale,ITF11,'L"'Aquila',INAC_R,Tasso di inattività,2,Femmine,Y20-64,20-64 anni,2023,41.425481,,
A,Annuale,ITF11,'L"'Aquila',INAC_R,Tasso di inattività,2,Femmine,Y20-64,20-64 anni,2024,41.275667,,
A,Annuale,ITF12,Teramo,INAC_R,Tasso di inattività,1,Maschi,Y20-64,20-64 anni,2018,17.535432,,
A,Annuale,ITF12,Teramo,INAC_R,Tasso di inattività,1,Maschi,Y20-64,20-64 anni,2019,18.626986,,
A,Annuale,ITF12,Teramo,INAC_R,Tasso di inattività,1,Maschi,Y20-64,20-64 anni,2020,22.404841,,
A,Annuale,ITF12,Teramo,INAC_R,Tasso di inattività,1,Maschi,Y20-64,20-64 anni,2021,19.40237,,
A,Annuale,ITF12,Teramo,INAC_R,Tasso di inattività,1,Maschi,Y20-64,20-64 anni,2022,20.372488,,
A,Annuale,ITF12,Teramo,INAC_R,Tasso di inattività,1,Maschi,Y20-64,20-64 anni,2023,19.119465,,
A,Annuale,ITF12,Teramo,INAC_R,Tasso di inattività,1,Maschi,Y20-64,20-64 anni,2024,18.110381,,
A,Annuale,ITF12,Teramo,INAC_R,Tasso di inattività,2,Femmine,Y20-64,20-64 anni,2018,38.087771,,
A,Annuale,ITF12,Teramo,INAC_R,Tasso di inattività,2,Femmine,Y20-64,20-64 anni,2019,39.640749,,
A,Annuale,ITF12,Teramo,INAC_R,Tasso di inattività,2,Femmine,Y20-64,20-64 anni,2020,41.587382,,
A,Annuale,ITF12,Teramo,INAC_R,Tasso di inattività,2,Femmine,Y20-64,20-64 anni,2021,41.535788,,
A,Annuale,ITF12,Teramo,INAC_R,Tasso di inattività,2,Femmine,Y20-64,20-64 anni,2022,36.302744,,
A,Annuale,ITF12,Teramo,INAC_R,Tasso di inattività,2,Femmine,Y20-64,20-64 anni,2023,34.045551,,
A,Annuale,ITF12,Teramo,INAC_R,Tasso di inattività,2,Femmine,Y20-64,20-64 anni,2024,38.286511,,
A,Annuale,ITF13,Pescara,INAC_R,Tasso di inattività,1,Maschi,Y20-64,20-64 anni,2018,19.466649,,
A,Annuale,ITF13,Pescara,INAC_R,Tasso di inattività,1,Maschi,Y20-64,20-64 anni,2019,16.469251,,
A,Annuale,ITF13,Pescara,INAC_R,Tasso di inattività,1,Maschi,Y20-64,20-64 anni,2020,19.867883,,
A,Annuale,ITF13,Pescara,INAC_R,Tasso di inattività,1,Maschi,Y20-64,20-64 anni,2021,20.128319,,
A,Annuale,ITF13,Pescara,INAC_R,Tasso di inattività,1,Maschi,Y20-64,20-64 anni,2022,18.51418,,
A,Annuale,ITF13,Pescara,INAC_R,Tasso di inattività,1,Maschi,Y20-64,20-64 anni,2023,16.788047,,
A,Annuale,ITF13,Pescara,INAC_R,Tasso di inattività,1,Maschi,Y20-64,20-64 anni,2024,18.275395,,
A,Annuale,ITF13,Pescara,INAC_R,Tasso di inattività,2,Femmine,Y20-64,20-64 anni,2018,44.17791,,
A,Annuale,ITF13,Pescara,INAC_R,Tasso di inattività,2,Femmine,Y20-64,20-64 anni,2019,40.825234,,
A,Annuale,ITF13,Pescara,INAC_R,Tasso di inattività,2,Femmine,Y20-64,20-64 anni,2020,44.414422,,
A,Annuale,ITF13,Pescara,INAC_R,Tasso di inattività,2,Femmine,Y20-64,20-64 anni,2021,41.795166,,
A,Annuale,ITF13,Pescara,INAC_R,Tasso di inattività,2,Femmine,Y20-64,20-64 anni,2022,39.457257,,
A,Annuale,ITF13,Pescara,INAC_R,Tasso di inattività,2,Femmine,Y20-64,20-64 anni,2023,39.252613,,
A,Annuale,ITF13,Pescara,INAC_R,Tasso di inattività,2,Femmine,Y20-64,20-64 anni,2024,34.509396,,
A,Annuale,ITF14,Chieti,INAC_R,Tasso di inattività,1,Maschi,Y20-64,20-64 anni,2018,15.735487,,
A,Annuale,ITF14,Chieti,INAC_R,Tasso di inattività,1,Maschi,Y20-64,20-64 anni,2019,15.268784,,
A,Annuale,ITF14,Chieti,INAC_R,Tasso di inattività,1,Maschi,Y20-64,20-64 anni,2020,21.046915,,
A,Annuale,ITF14,Chieti,INAC_R,Tasso di inattività,1,Maschi,Y20-64,20-64 anni,2021,19.514483,,
A,Annuale,ITF14,Chieti,INAC_R,Tasso di inattività,1,Maschi,Y20-64,20-64 anni,2022,20.324597,,
A,Annuale,ITF14,Chieti,INAC_R,Tasso di inattività,1,Maschi,Y20-64,20-64 anni,2023,16.977647,,
A,Annuale,ITF14,Chieti,INAC_R,Tasso di inattività,1,Maschi,Y20-64,20-64 anni,2024,17.464969,,
A,Annuale,ITF14,Chieti,INAC_R,Tasso di inattività,2,Femmine,Y20-64,20-64 anni,2018,44.273699,,
A,Annuale,ITF14,Chieti,INAC_R,Tasso di inattività,2,Femmine,Y20-64,20-64 anni,2019,43.480451,,
A,Annuale,ITF14,Chieti,INAC_R,Tasso di inattività,2,Femmine,Y20-64,20-64 anni,2020,46.590185,,
A,Annuale,ITF14,Chieti,INAC_R,Tasso di inattività,2,Femmine,Y20-64,20-64 anni,2021,44.398822,,
A,Annuale,ITF14,Chieti,INAC_R,Tasso di inattività,2,Femmine,Y20-64,20-64 anni,2022,43.469352,,
A,Annuale,ITF14,Chieti,INAC_R,Tasso di inattività,2,Femmine,Y20-64,20-64 anni,2023,39.860799,,
A,Annuale,ITF14,Chieti,INAC_R,Tasso di inattività,2,Femmine,Y20-64,20-64 anni,2024,42.339433,,
A,Annuale,ITF22,Campobasso,INAC_R,Tasso di inattività,1,Maschi,Y20-64,20-64 anni,2018,20.756354,,
A,Annuale,ITF22,Campobasso,INAC_R,Tasso di inattività,1,Maschi,Y20-64,20-64 anni,2019,20.723314,,
A,Annuale,ITF22,Campobasso,INAC_R,Tasso di inattività,1,Maschi,Y20-64,20-64 anni,2020,26.334387,,
A,Annuale,ITF22,Campobasso,INAC_R,Tasso di inattività,1,Maschi,Y20-64,20-64 anni,2021,25.999088,,
A,Annuale,ITF22,Campobasso,INAC_R,Tasso di inattività,1,Maschi,Y20-64,20-64 anni,2022,23.151798,,
A,Annuale,ITF22,Campobasso,INAC_R,Tasso di inattività,1,Maschi,Y20-64,20-64 anni,2023,21.110499,,
A,Annuale,ITF22,Campobasso,INAC_R,Tasso di inattività,1,Maschi,Y20-64,20-64 anni,2024,22.924324,,
A,Annuale,ITF22,Campobasso,INAC_R,Tasso di inattività,2,Femmine,Y20-64,20-64 anni,2018,47.841292,,
A,Annuale,ITF22,Campobasso,INAC_R,Tasso di inattività,2,Femmine,Y20-64,20-64 anni,2019,46.400377,,
A,Annuale,ITF22,Campobasso,INAC_R,Tasso di inattività,2,Femmine,Y20-64,20-64 anni,2020,51.953044,,
A,Annuale,ITF22,Campobasso,INAC_R,Tasso di inattività,2,Femmine,Y20-64,20-64 anni,2021,52.243481,,
A,Annuale,ITF22,Campobasso,INAC_R,Tasso di inattività,2,Femmine,Y20-64,20-64 anni,2022,48.106901,,
A,Annuale,ITF22,Campobasso,INAC_R,Tasso di inattività,2,Femmine,Y20-64,20-64 anni,2023,46.698238,,
A,Annuale,ITF22,Campobasso,INAC_R,Tasso di inattività,2,Femmine,Y20-64,20-64 anni,2024,45.204263,,
A,Annuale,ITF21,Isernia,INAC_R,Tasso di inattività,1,Maschi,Y20-64,20-64 anni,2018,23.522113,,
A,Annuale,ITF21,Isernia,INAC_R,Tasso di inattività,1,Maschi,Y20-64,20-64 anni,2019,21.166593,,
A,Annuale,ITF21,Isernia,INAC_R,Tasso di inattività,1,Maschi,Y20-64,20-64 anni,2020,20.058824,,
A,Annuale,ITF21,Isernia,INAC_R,Tasso di inattività,1,Maschi,Y20-64,20-64 anni,2021,18.618593,,
A,Annuale,ITF21,Isernia,INAC_R,Tasso di inattività,1,Maschi,Y20-64,20-64 anni,2022,20.887206,,
A,Annuale,ITF21,Isernia,INAC_R,Tasso di inattività,1,Maschi,Y20-64,20-64 anni,2023,22.911168,,
A,Annuale,ITF21,Isernia,INAC_R,Tasso di inattività,1,Maschi,Y20-64,20-64 anni,2024,19.917882,,
A,Annuale,ITF21,Isernia,INAC_R,Tasso di inattività,2,Femmine,Y20-64,20-64 anni,2018,46.122416,,
A,Annuale,ITF21,Isernia,INAC_R,Tasso di inattività,2,Femmine,Y20-64,20-64 anni,2019,43.68026,,
A,Annuale,ITF21,Isernia,INAC_R,Tasso di inattività,2,Femmine,Y20-64,20-64 anni,2020,42.023992,,
A,Annuale,ITF21,Isernia,INAC_R,Tasso di inattività,2,Femmine,Y20-64,20-64 anni,2021,46.767567,,
A,Annuale,ITF21,Isernia,INAC_R,Tasso di inattività,2,Femmine,Y20-64,20-64 anni,2022,41.161217,,
A,Annuale,ITF21,Isernia,INAC_R,Tasso di inattività,2,Femmine,Y20-64,20-64 anni,2023,36.667114,,
A,Annuale,ITF21,Isernia,INAC_R,Tasso di inattività,2,Femmine,Y20-64,20-64 anni,2024,38.903478,,
A,Annuale,ITF31,Caserta,INAC_R,Tasso di inattività,1,Maschi,Y20-64,20-64 anni,2018,28.197516,,
A,Annuale,ITF31,Caserta,INAC_R,Tasso di inattività,1,Maschi,Y20-64,20-64 anni,2019,30.939697,,
A,Annuale,ITF31,Caserta,INAC_R,Tasso di inattività,1,Maschi,Y20-64,20-64 anni,2020,33.19317,,
A,Annuale,ITF31,Caserta,INAC_R,Tasso di inattività,1,Maschi,Y20-64,20-64 anni,2021,29.409261,,
A,Annuale,ITF31,Caserta,INAC_R,Tasso di inattività,1,Maschi,Y20-64,20-64 anni,2022,28.5937,,
A,Annuale,ITF31,Caserta,INAC_R,Tasso di inattività,1,Maschi,Y20-64,20-64 anni,2023,27.731656,,
A,Annuale,ITF31,Caserta,INAC_R,Tasso di inattività,1,Maschi,Y20-64,20-64 anni,2024,30.672033,,
A,Annuale,ITF31,Caserta,INAC_R,Tasso di inattività,2,Femmine,Y20-64,20-64 anni,2018,59.894072,,
A,Annuale,ITF31,Caserta,INAC_R,Tasso di inattività,2,Femmine,Y20-64,20-64 anni,2019,60.173288,,
A,Annuale,ITF31,Caserta,INAC_R,Tasso di inattività,2,Femmine,Y20-64,20-64 anni,2020,65.693534,,
A,Annuale,ITF31,Caserta,INAC_R,Tasso di inattività,2,Femmine,Y20-64,20-64 anni,2021,60.946617,,
A,Annuale,ITF31,Caserta,INAC_R,Tasso di inattività,2,Femmine,Y20-64,20-64 anni,2022,63.464105,,
A,Annuale,ITF31,Caserta,INAC_R,Tasso di inattività,2,Femmine,Y20-64,20-64 anni,2023,62.411337,,
A,Annuale,ITF31,Caserta,INAC_R,Tasso di inattività,2,Femmine,Y20-64,20-64 anni,2024,65.179146,,
A,Annuale,ITF32,Benevento,INAC_R,Tasso di inattività,1,Maschi,Y20-64,20-64 anni,2018,37.613251,,
A,Annuale,ITF32,Benevento,INAC_R,Tasso di inattività,1,Maschi,Y20-64,20-64 anni,2019,38.376411,,
A,Annuale,ITF32,Benevento,INAC_R,Tasso di inattività,1,Maschi,Y20-64,20-64 anni,2020,34.374223,,
A,Annuale,ITF32,Benevento,INAC_R,Tasso di inattività,1,Maschi,Y20-64,20-64 anni,2021,33.804099,,
A,Annuale,ITF32,Benevento,INAC_R,Tasso di inattività,1,Maschi,Y20-64,20-64 anni,2022,28.043592,,
A,Annuale,ITF32,Benevento,INAC_R,Tasso di inattività,1,Maschi,Y20-64,20-64 anni,2023,25.551976,,
A,Annuale,ITF32,Benevento,INAC_R,Tasso di inattività,1,Maschi,Y20-64,20-64 anni,2024,28.096388,,
A,Annuale,ITF32,Benevento,INAC_R,Tasso di inattività,2,Femmine,Y20-64,20-64 anni,2018,59.95358,,
A,Annuale,ITF32,Benevento,INAC_R,Tasso di inattività,2,Femmine,Y20-64,20-64 anni,2019,56.346893,,
A,Annuale,ITF32,Benevento,INAC_R,Tasso di inattività,2,Femmine,Y20-64,20-64 anni,2020,64.151393,,
A,Annuale,ITF32,Benevento,INAC_R,Tasso di inattività,2,Femmine,Y20-64,20-64 anni,2021,55.511067,,
A,Annuale,ITF32,Benevento,INAC_R,Tasso di inattività,2,Femmine,Y20-64,20-64 anni,2022,52.341427,,
A,Annuale,ITF32,Benevento,INAC_R,Tasso di inattività,2,Femmine,Y20-64,20-64 anni,2023,50.314169,,
A,Annuale,ITF32,Benevento,INAC_R,Tasso di inattività,2,Femmine,Y20-64,20-64 anni,2024,54.867109,,
A,Annuale,ITF33,Napoli,INAC_R,Tasso di inattività,1,Maschi,Y20-64,20-64 anni,2018,27.482752,,
A,Annuale,ITF33,Napoli,INAC_R,Tasso di inattività,1,Maschi,Y20-64,20-64 anni,2019,28.060179,,
A,Annuale,ITF33,Napoli,INAC_R,Tasso di inattività,1,Maschi,Y20-64,20-64 anni,2020,31.333584,,
A,Annuale,ITF33,Napoli,INAC_R,Tasso di inattività,1,Maschi,Y20-64,20-64 anni,2021,29.532709,,
A,Annuale,ITF33,Napoli,INAC_R,Tasso di inattività,1,Maschi,Y20-64,20-64 anni,2022,27.936747,,
A,Annuale,ITF33,Napoli,INAC_R,Tasso di inattività,1,Maschi,Y20-64,20-64 anni,2023,25.296539,,
A,Annuale,ITF33,Napoli,INAC_R,Tasso di inattività,1,Maschi,Y20-64,20-64 anni,2024,24.814851,,
A,Annuale,ITF33,Napoli,INAC_R,Tasso di inattività,2,Femmine,Y20-64,20-64 anni,2018,61.263009,,
A,Annuale,ITF33,Napoli,INAC_R,Tasso di inattività,2,Femmine,Y20-64,20-64 anni,2019,61.174792,,
A,Annuale,ITF33,Napoli,INAC_R,Tasso di inattività,2,Femmine,Y20-64,20-64 anni,2020,63.645538,,
A,Annuale,ITF33,Napoli,INAC_R,Tasso di inattività,2,Femmine,Y20-64,20-64 anni,2021,62.653331,,
A,Annuale,ITF33,Napoli,INAC_R,Tasso di inattività,2,Femmine,Y20-64,20-64 anni,2022,61.130891,,
A,Annuale,ITF33,Napoli,INAC_R,Tasso di inattività,2,Femmine,Y20-64,20-64 anni,2023,59.437319,,
A,Annuale,ITF33,Napoli,INAC_R,Tasso di inattività,2,Femmine,Y20-64,20-64 anni,2024,58.75241,,
A,Annuale,ITF34,Avellino,INAC_R,Tasso di inattività,1,Maschi,Y20-64,20-64 anni,2018,22.711673,,
A,Annuale,ITF34,Avellino,INAC_R,Tasso di inattività,1,Maschi,Y20-64,20-64 anni,2019,22.971309,,
A,Annuale,ITF34,Avellino,INAC_R,Tasso di inattività,1,Maschi,Y20-64,20-64 anni,2020,26.25652,,
A,Annuale,ITF34,Avellino,INAC_R,Tasso di inattività,1,Maschi,Y20-64,20-64 anni,2021,20.6505,,
A,Annuale,ITF34,Avellino,INAC_R,Tasso di inattività,1,Maschi,Y20-64,20-64 anni,2022,21.196294,,
A,Annuale,ITF34,Avellino,INAC_R,Tasso di inattività,1,Maschi,Y20-64,20-64 anni,2023,23.182976,,
A,Annuale,ITF34,Avellino,INAC_R,Tasso di inattività,1,Maschi,Y20-64,20-64 anni,2024,26.452779,,
A,Annuale,ITF34,Avellino,INAC_R,Tasso di inattività,2,Femmine,Y20-64,20-64 anni,2018,47.42358,,
A,Annuale,ITF34,Avellino,INAC_R,Tasso di inattività,2,Femmine,Y20-64,20-64 anni,2019,45.842583,,
A,Annuale,ITF34,Avellino,INAC_R,Tasso di inattività,2,Femmine,Y20-64,20-64 anni,2020,44.957029,,
A,Annuale,ITF34,Avellino,INAC_R,Tasso di inattività,2,Femmine,Y20-64,20-64 anni,2021,46.586473,,
A,Annuale,ITF34,Avellino,INAC_R,Tasso di inattività,2,Femmine,Y20-64,20-64 anni,2022,46.726367,,
A,Annuale,ITF34,Avellino,INAC_R,Tasso di inattività,2,Femmine,Y20-64,20-64 anni,2023,45.069358,,
A,Annuale,ITF34,Avellino,INAC_R,Tasso di inattività,2,Femmine,Y20-64,20-64 anni,2024,45.23146,,
A,Annuale,ITF35,Salerno,INAC_R,Tasso di inattività,1,Maschi,Y20-64,20-64 anni,2018,26.455329,,
A,Annuale,ITF35,Salerno,INAC_R,Tasso di inattività,1,Maschi,Y20-64,20-64 anni,2019,25.596406,,
A,Annuale,ITF35,Salerno,INAC_R,Tasso di inattività,1,Maschi,Y20-64,20-64 anni,2020,28.12076,,
A,Annuale,ITF35,Salerno,INAC_R,Tasso di inattività,1,Maschi,Y20-64,20-64 anni,2021,28.262254,,
A,Annuale,ITF35,Salerno,INAC_R,Tasso di inattività,1,Maschi,Y20-64,20-64 anni,2022,25.269627,,
A,Annuale,ITF35,Salerno,INAC_R,Tasso di inattività,1,Maschi,Y20-64,20-64 anni,2023,22.748341,,
A,Annuale,ITF35,Salerno,INAC_R,Tasso di inattività,1,Maschi,Y20-64,20-64 anni,2024,20.356891,,
A,Annuale,ITF35,Salerno,INAC_R,Tasso di inattività,2,Femmine,Y20-64,20-64 anni,2018,54.491378,,
A,Annuale,ITF35,Salerno,INAC_R,Tasso di inattività,2,Femmine,Y20-64,20-64 anni,2019,56.526916,,
A,Annuale,ITF35,Salerno,INAC_R,Tasso di inattività,2,Femmine,Y20-64,20-64 anni,2020,57.675113,,
A,Annuale,ITF35,Salerno,INAC_R,Tasso di inattività,2,Femmine,Y20-64,20-64 anni,2021,55.126273,,
A,Annuale,ITF35,Salerno,INAC_R,Tasso di inattività,2,Femmine,Y20-64,20-64 anni,2022,54.428364,,
A,Annuale,ITF35,Salerno,INAC_R,Tasso di inattività,2,Femmine,Y20-64,20-64 anni,2023,53.292941,,
A,Annuale,ITF35,Salerno,INAC_R,Tasso di inattività,2,Femmine,Y20-64,20-64 anni,2024,51.737861,,
A,Annuale,ITF41,Foggia,INAC_R,Tasso di inattività,1,Maschi,Y20-64,20-64 anni,2018,28.019989,,
A,Annuale,ITF41,Foggia,INAC_R,Tasso di inattività,1,Maschi,Y20-64,20-64 anni,2019,26.111587,,
A,Annuale,ITF41,Foggia,INAC_R,Tasso di inattività,1,Maschi,Y20-64,20-64 anni,2020,26.14131,,
A,Annuale,ITF41,Foggia,INAC_R,Tasso di inattività,1,Maschi,Y20-64,20-64 anni,2021,26.805988,,
A,Annuale,ITF41,Foggia,INAC_R,Tasso di inattività,1,Maschi,Y20-64,20-64 anni,2022,26.825515,,
A,Annuale,ITF41,Foggia,INAC_R,Tasso di inattività,1,Maschi,Y20-64,20-64 anni,2023,24.21771,,
A,Annuale,ITF41,Foggia,INAC_R,Tasso di inattività,1,Maschi,Y20-64,20-64 anni,2024,24.140059,,
A,Annuale,ITF41,Foggia,INAC_R,Tasso di inattività,2,Femmine,Y20-64,20-64 anni,2018,60.956079,,
A,Annuale,ITF41,Foggia,INAC_R,Tasso di inattività,2,Femmine,Y20-64,20-64 anni,2019,63.291056,,
A,Annuale,ITF41,Foggia,INAC_R,Tasso di inattività,2,Femmine,Y20-64,20-64 anni,2020,61.665168,,
A,Annuale,ITF41,Foggia,INAC_R,Tasso di inattività,2,Femmine,Y20-64,20-64 anni,2021,57.889866,,
A,Annuale,ITF41,Foggia,INAC_R,Tasso di inattività,2,Femmine,Y20-64,20-64 anni,2022,58.028312,,
A,Annuale,ITF41,Foggia,INAC_R,Tasso di inattività,2,Femmine,Y20-64,20-64 anni,2023,56.824876,,
A,Annuale,ITF41,Foggia,INAC_R,Tasso di inattività,2,Femmine,Y20-64,20-64 anni,2024,53.257649,,
A,Annuale,ITF42,Bari,INAC_R,Tasso di inattività,1,Maschi,Y20-64,20-64 anni,2018,22.961242,,
A,Annuale,ITF42,Bari,INAC_R,Tasso di inattività,1,Maschi,Y20-64,20-64 anni,2019,20.839584,,
A,Annuale,ITF42,Bari,INAC_R,Tasso di inattività,1,Maschi,Y20-64,20-64 anni,2020,22.145489,,
A,Annuale,ITF42,Bari,INAC_R,Tasso di inattività,1,Maschi,Y20-64,20-64 anni,2021,23.100349,,
A,Annuale,ITF42,Bari,INAC_R,Tasso di inattività,1,Maschi,Y20-64,20-64 anni,2022,20.736426,,
A,Annuale,ITF42,Bari,INAC_R,Tasso di inattività,1,Maschi,Y20-64,20-64 anni,2023,20.399847,,
A,Annuale,ITF42,Bari,INAC_R,Tasso di inattività,1,Maschi,Y20-64,20-64 anni,2024,18.448265,,
A,Annuale,ITF42,Bari,INAC_R,Tasso di inattività,2,Femmine,Y20-64,20-64 anni,2018,51.974769,,
A,Annuale,ITF42,Bari,INAC_R,Tasso di inattività,2,Femmine,Y20-64,20-64 anni,2019,50.942252,,
A,Annuale,ITF42,Bari,INAC_R,Tasso di inattività,2,Femmine,Y20-64,20-64 anni,2020,51.7641,,
A,Annuale,ITF42,Bari,INAC_R,Tasso di inattività,2,Femmine,Y20-64,20-64 anni,2021,53.226101,,
A,Annuale,ITF42,Bari,INAC_R,Tasso di inattività,2,Femmine,Y20-64,20-64 anni,2022,53.568998,,
A,Annuale,ITF42,Bari,INAC_R,Tasso di inattività,2,Femmine,Y20-64,20-64 anni,2023,47.976201,,
A,Annuale,ITF42,Bari,INAC_R,Tasso di inattività,2,Femmine,Y20-64,20-64 anni,2024,47.56947,,
A,Annuale,ITF43,Taranto,INAC_R,Tasso di inattività,1,Maschi,Y20-64,20-64 anni,2018,26.179504,,
A,Annuale,ITF43,Taranto,INAC_R,Tasso di inattività,1,Maschi,Y20-64,20-64 anni,2019,27.708069,,
A,Annuale,ITF43,Taranto,INAC_R,Tasso di inattività,1,Maschi,Y20-64,20-64 anni,2020,27.265691,,
A,Annuale,ITF43,Taranto,INAC_R,Tasso di inattività,1,Maschi,Y20-64,20-64 anni,2021,27.641921,,
A,Annuale,ITF43,Taranto,INAC_R,Tasso di inattività,1,Maschi,Y20-64,20-64 anni,2022,25.483351,,
A,Annuale,ITF43,Taranto,INAC_R,Tasso di inattività,1,Maschi,Y20-64,20-64 anni,2023,27.918636,,
A,Annuale,ITF43,Taranto,INAC_R,Tasso di inattività,1,Maschi,Y20-64,20-64 anni,2024,30.603125,,
A,Annuale,ITF43,Taranto,INAC_R,Tasso di inattività,2,Femmine,Y20-64,20-64 anni,2018,62.764116,,
A,Annuale,ITF43,Taranto,INAC_R,Tasso di inattività,2,Femmine,Y20-64,20-64 anni,2019,61.746606,,
A,Annuale,ITF43,Taranto,INAC_R,Tasso di inattività,2,Femmine,Y20-64,20-64 anni,2020,63.427834,,
A,Annuale,ITF43,Taranto,INAC_R,Tasso di inattività,2,Femmine,Y20-64,20-64 anni,2021,61.423464,,
A,Annuale,ITF43,Taranto,INAC_R,Tasso di inattività,2,Femmine,Y20-64,20-64 anni,2022,61.707806,,
A,Annuale,ITF43,Taranto,INAC_R,Tasso di inattività,2,Femmine,Y20-64,20-64 anni,2023,62.685078,,
A,Annuale,ITF43,Taranto,INAC_R,Tasso di inattività,2,Femmine,Y20-64,20-64 anni,2024,70.861995,,
A,Annuale,ITF44,Brindisi,INAC_R,Tasso di inattività,1,Maschi,Y20-64,20-64 anni,2018,25.893149,,
A,Annuale,ITF44,Brindisi,INAC_R,Tasso di inattività,1,Maschi,Y20-64,20-64 anni,2019,27.502657,,
A,Annuale,ITF44,Brindisi,INAC_R,Tasso di inattività,1,Maschi,Y20-64,20-64 anni,2020,31.091095,,
A,Annuale,ITF44,Brindisi,INAC_R,Tasso di inattività,1,Maschi,Y20-64,20-64 anni,2021,25.801531,,
A,Annuale,ITF44,Brindisi,INAC_R,Tasso di inattività,1,Maschi,Y20-64,20-64 anni,2022,17.689621,,
A,Annuale,ITF44,Brindisi,INAC_R,Tasso di inattività,1,Maschi,Y20-64,20-64 anni,2023,18.96126,,
A,Annuale,ITF44,Brindisi,INAC_R,Tasso di inattività,1,Maschi,Y20-64,20-64 anni,2024,22.399071,,
A,Annuale,ITF44,Brindisi,INAC_R,Tasso di inattività,2,Femmine,Y20-64,20-64 anni,2018,51.734102,,
A,Annuale,ITF44,Brindisi,INAC_R,Tasso di inattività,2,Femmine,Y20-64,20-64 anni,2019,51.382175,,
A,Annuale,ITF44,Brindisi,INAC_R,Tasso di inattività,2,Femmine,Y20-64,20-64 anni,2020,56.576766,,
A,Annuale,ITF44,Brindisi,INAC_R,Tasso di inattività,2,Femmine,Y20-64,20-64 anni,2021,53.644654,,
A,Annuale,ITF44,Brindisi,INAC_R,Tasso di inattività,2,Femmine,Y20-64,20-64 anni,2022,42.810173,,
A,Annuale,ITF44,Brindisi,INAC_R,Tasso di inattività,2,Femmine,Y20-64,20-64 anni,2023,46.175293,,
A,Annuale,ITF44,Brindisi,INAC_R,Tasso di inattività,2,Femmine,Y20-64,20-64 anni,2024,51.20658,,
A,Annuale,ITF45,Lecce,INAC_R,Tasso di inattività,1,Maschi,Y20-64,20-64 anni,2018,27.947222,,
A,Annuale,ITF45,Lecce,INAC_R,Tasso di inattività,1,Maschi,Y20-64,20-64 anni,2019,27.243942,,
A,Annuale,ITF45,Lecce,INAC_R,Tasso di inattività,1,Maschi,Y20-64,20-64 anni,2020,30.649712,,
A,Annuale,ITF45,Lecce,INAC_R,Tasso di inattività,1,Maschi,Y20-64,20-64 anni,2021,28.624535,,
A,Annuale,ITF45,Lecce,INAC_R,Tasso di inattività,1,Maschi,Y20-64,20-64 anni,2022,27.519802,,
A,Annuale,ITF45,Lecce,INAC_R,Tasso di inattività,1,Maschi,Y20-64,20-64 anni,2023,25.710547,,
A,Annuale,ITF45,Lecce,INAC_R,Tasso di inattività,1,Maschi,Y20-64,20-64 anni,2024,25.615155,,
A,Annuale,ITF45,Lecce,INAC_R,Tasso di inattività,2,Femmine,Y20-64,20-64 anni,2018,55.29014,,
A,Annuale,ITF45,Lecce,INAC_R,Tasso di inattività,2,Femmine,Y20-64,20-64 anni,2019,57.9642,,
A,Annuale,ITF45,Lecce,INAC_R,Tasso di inattività,2,Femmine,Y20-64,20-64 anni,2020,57.746914,,
A,Annuale,ITF45,Lecce,INAC_R,Tasso di inattività,2,Femmine,Y20-64,20-64 anni,2021,51.64069,,
A,Annuale,ITF45,Lecce,INAC_R,Tasso di inattività,2,Femmine,Y20-64,20-64 anni,2022,50.899195,,
A,Annuale,ITF45,Lecce,INAC_R,Tasso di inattività,2,Femmine,Y20-64,20-64 anni,2023,49.463078,,
A,Annuale,ITF45,Lecce,INAC_R,Tasso di inattività,2,Femmine,Y20-64,20-64 anni,2024,50.661574,,
A,Annuale,IT110,Barletta-Andria-Trani,INAC_R,Tasso di inattività,1,Maschi,Y20-64,20-64 anni,2018,28.11985,,
A,Annuale,IT110,Barletta-Andria-Trani,INAC_R,Tasso di inattività,1,Maschi,Y20-64,20-64 anni,2019,26.90939,,
A,Annuale,IT110,Barletta-Andria-Trani,INAC_R,Tasso di inattività,1,Maschi,Y20-64,20-64 anni,2020,31.018139,,
A,Annuale,IT110,Barletta-Andria-Trani,INAC_R,Tasso di inattività,1,Maschi,Y20-64,20-64 anni,2021,24.983639,,
A,Annuale,IT110,Barletta-Andria-Trani,INAC_R,Tasso di inattività,1,Maschi,Y20-64,20-64 anni,2022,21.051234,,
A,Annuale,IT110,Barletta-Andria-Trani,INAC_R,Tasso di inattività,1,Maschi,Y20-64,20-64 anni,2023,23.760341,,
A,Annuale,IT110,Barletta-Andria-Trani,INAC_R,Tasso di inattività,1,Maschi,Y20-64,20-64 anni,2024,25.6976,,
A,Annuale,IT110,Barletta-Andria-Trani,INAC_R,Tasso di inattività,2,Femmine,Y20-64,20-64 anni,2018,60.548622,,
A,Annuale,IT110,Barletta-Andria-Trani,INAC_R,Tasso di inattività,2,Femmine,Y20-64,20-64 anni,2019,62.807303,,
A,Annuale,IT110,Barletta-Andria-Trani,INAC_R,Tasso di inattività,2,Femmine,Y20-64,20-64 anni,2020,65.14356,,
A,Annuale,IT110,Barletta-Andria-Trani,INAC_R,Tasso di inattività,2,Femmine,Y20-64,20-64 anni,2021,63.662148,,
A,Annuale,IT110,Barletta-Andria-Trani,INAC_R,Tasso di inattività,2,Femmine,Y20-64,20-64 anni,2022,64.513877,,
A,Annuale,IT110,Barletta-Andria-Trani,INAC_R,Tasso di inattività,2,Femmine,Y20-64,20-64 anni,2023,62.633086,,
A,Annuale,IT110,Barletta-Andria-Trani,INAC_R,Tasso di inattività,2,Femmine,Y20-64,20-64 anni,2024,68.16447,,
A,Annuale,ITF51,Potenza,INAC_R,Tasso di inattività,1,Maschi,Y20-64,20-64 anni,2018,24.42706,,
A,Annuale,ITF51,Potenza,INAC_R,Tasso di inattività,1,Maschi,Y20-64,20-64 anni,2019,24.862368,,
A,Annuale,ITF51,Potenza,INAC_R,Tasso di inattività,1,Maschi,Y20-64,20-64 anni,2020,26.344046,,
A,Annuale,ITF51,Potenza,INAC_R,Tasso di inattività,1,Maschi,Y20-64,20-64 anni,2021,24.546489,,
A,Annuale,ITF51,Potenza,INAC_R,Tasso di inattività,1,Maschi,Y20-64,20-64 anni,2022,23.965393,,
A,Annuale,ITF51,Potenza,INAC_R,Tasso di inattività,1,Maschi,Y20-64,20-64 anni,2023,22.208531,,
A,Annuale,ITF51,Potenza,INAC_R,Tasso di inattività,1,Maschi,Y20-64,20-64 anni,2024,22.019369,,
A,Annuale,ITF51,Potenza,INAC_R,Tasso di inattività,2,Femmine,Y20-64,20-64 anni,2018,52.608775,,
A,Annuale,ITF51,Potenza,INAC_R,Tasso di inattività,2,Femmine,Y20-64,20-64 anni,2019,55.374662,,
A,Annuale,ITF51,Potenza,INAC_R,Tasso di inattività,2,Femmine,Y20-64,20-64 anni,2020,56.173902,,
A,Annuale,ITF51,Potenza,INAC_R,Tasso di inattività,2,Femmine,Y20-64,20-64 anni,2021,52.128976,,
A,Annuale,ITF51,Potenza,INAC_R,Tasso di inattività,2,Femmine,Y20-64,20-64 anni,2022,53.343032,,
A,Annuale,ITF51,Potenza,INAC_R,Tasso di inattività,2,Femmine,Y20-64,20-64 anni,2023,50.591356,,
A,Annuale,ITF51,Potenza,INAC_R,Tasso di inattività,2,Femmine,Y20-64,20-64 anni,2024,49.663612,,
A,Annuale,ITF52,Matera,INAC_R,Tasso di inattività,1,Maschi,Y20-64,20-64 anni,2018,25.583389,,
A,Annuale,ITF52,Matera,INAC_R,Tasso di inattività,1,Maschi,Y20-64,20-64 anni,2019,22.240008,,
A,Annuale,ITF52,Matera,INAC_R,Tasso di inattività,1,Maschi,Y20-64,20-64 anni,2020,25.97233,,
A,Annuale,ITF52,Matera,INAC_R,Tasso di inattività,1,Maschi,Y20-64,20-64 anni,2021,23.529718,,
A,Annuale,ITF52,Matera,INAC_R,Tasso di inattività,1,Maschi,Y20-64,20-64 anni,2022,24.697516,,
A,Annuale,ITF52,Matera,INAC_R,Tasso di inattività,1,Maschi,Y20-64,20-64 anni,2023,24.281054,,
A,Annuale,ITF52,Matera,INAC_R,Tasso di inattività,1,Maschi,Y20-64,20-64 anni,2024,21.244218,,
A,Annuale,ITF52,Matera,INAC_R,Tasso di inattività,2,Femmine,Y20-64,20-64 anni,2018,55.181242,,
A,Annuale,ITF52,Matera,INAC_R,Tasso di inattività,2,Femmine,Y20-64,20-64 anni,2019,49.832203,,
A,Annuale,ITF52,Matera,INAC_R,Tasso di inattività,2,Femmine,Y20-64,20-64 anni,2020,53.552373,,
A,Annuale,ITF52,Matera,INAC_R,Tasso di inattività,2,Femmine,Y20-64,20-64 anni,2021,52.410771,,
A,Annuale,ITF52,Matera,INAC_R,Tasso di inattività,2,Femmine,Y20-64,20-64 anni,2022,51.114252,,
A,Annuale,ITF52,Matera,INAC_R,Tasso di inattività,2,Femmine,Y20-64,20-64 anni,2023,47.772246,,
A,Annuale,ITF52,Matera,INAC_R,Tasso di inattività,2,Femmine,Y20-64,20-64 anni,2024,47.621407,,
A,Annuale,ITF61,Cosenza,INAC_R,Tasso di inattività,1,Maschi,Y20-64,20-64 anni,2018,27.572517,,
A,Annuale,ITF61,Cosenza,INAC_R,Tasso di inattività,1,Maschi,Y20-64,20-64 anni,2019,25.247161,,
A,Annuale,ITF61,Cosenza,INAC_R,Tasso di inattività,1,Maschi,Y20-64,20-64 anni,2020,25.017576,,
A,Annuale,ITF61,Cosenza,INAC_R,Tasso di inattività,1,Maschi,Y20-64,20-64 anni,2021,28.002853,,
A,Annuale,ITF61,Cosenza,INAC_R,Tasso di inattività,1,Maschi,Y20-64,20-64 anni,2022,28.759332,,
A,Annuale,ITF61,Cosenza,INAC_R,Tasso di inattività,1,Maschi,Y20-64,20-64 anni,2023,27.446227,,
A,Annuale,ITF61,Cosenza,INAC_R,Tasso di inattività,1,Maschi,Y20-64,20-64 anni,2024,31.241208,,
A,Annuale,ITF61,Cosenza,INAC_R,Tasso di inattività,2,Femmine,Y20-64,20-64 anni,2018,52.560903,,
A,Annuale,ITF61,Cosenza,INAC_R,Tasso di inattività,2,Femmine,Y20-64,20-64 anni,2019,55.944748,,
A,Annuale,ITF61,Cosenza,INAC_R,Tasso di inattività,2,Femmine,Y20-64,20-64 anni,2020,57.562474,,
A,Annuale,ITF61,Cosenza,INAC_R,Tasso di inattività,2,Femmine,Y20-64,20-64 anni,2021,57.22761,,
A,Annuale,ITF61,Cosenza,INAC_R,Tasso di inattività,2,Femmine,Y20-64,20-64 anni,2022,56.342608,,
A,Annuale,ITF61,Cosenza,INAC_R,Tasso di inattività,2,Femmine,Y20-64,20-64 anni,2023,55.43397,,
A,Annuale,ITF61,Cosenza,INAC_R,Tasso di inattività,2,Femmine,Y20-64,20-64 anni,2024,59.81029,,
A,Annuale,ITF63,Catanzaro,INAC_R,Tasso di inattività,1,Maschi,Y20-64,20-64 anni,2018,26.192153,,
A,Annuale,ITF63,Catanzaro,INAC_R,Tasso di inattività,1,Maschi,Y20-64,20-64 anni,2019,22.320231,,
A,Annuale,ITF63,Catanzaro,INAC_R,Tasso di inattività,1,Maschi,Y20-64,20-64 anni,2020,24.353026,,
A,Annuale,ITF63,Catanzaro,INAC_R,Tasso di inattività,1,Maschi,Y20-64,20-64 anni,2021,25.463505,,
A,Annuale,ITF63,Catanzaro,INAC_R,Tasso di inattività,1,Maschi,Y20-64,20-64 anni,2022,25.481035,,
A,Annuale,ITF63,Catanzaro,INAC_R,Tasso di inattività,1,Maschi,Y20-64,20-64 anni,2023,19.345053,,
A,Annuale,ITF63,Catanzaro,INAC_R,Tasso di inattività,1,Maschi,Y20-64,20-64 anni,2024,21.89987,,
A,Annuale,ITF63,Catanzaro,INAC_R,Tasso di inattività,2,Femmine,Y20-64,20-64 anni,2018,52.433115,,
A,Annuale,ITF63,Catanzaro,INAC_R,Tasso di inattività,2,Femmine,Y20-64,20-64 anni,2019,50.866819,,
A,Annuale,ITF63,Catanzaro,INAC_R,Tasso di inattività,2,Femmine,Y20-64,20-64 anni,2020,53.396237,,
A,Annuale,ITF63,Catanzaro,INAC_R,Tasso di inattività,2,Femmine,Y20-64,20-64 anni,2021,55.544029,,
A,Annuale,ITF63,Catanzaro,INAC_R,Tasso di inattività,2,Femmine,Y20-64,20-64 anni,2022,56.714766,,
A,Annuale,ITF63,Catanzaro,INAC_R,Tasso di inattività,2,Femmine,Y20-64,20-64 anni,2023,47.043454,,
A,Annuale,ITF63,Catanzaro,INAC_R,Tasso di inattività,2,Femmine,Y20-64,20-64 anni,2024,50.283826,,
A,Annuale,ITF65,Reggio di Calabria,INAC_R,Tasso di inattività,1,Maschi,Y20-64,20-64 anni,2018,32.194448,,
A,Annuale,ITF65,Reggio di Calabria,INAC_R,Tasso di inattività,1,Maschi,Y20-64,20-64 anni,2019,31.915514,,
A,Annuale,ITF65,Reggio di Calabria,INAC_R,Tasso di inattività,1,Maschi,Y20-64,20-64 anni,2020,34.20363,,
A,Annuale,ITF65,Reggio di Calabria,INAC_R,Tasso di inattività,1,Maschi,Y20-64,20-64 anni,2021,33.933442,,
A,Annuale,ITF65,Reggio di Calabria,INAC_R,Tasso di inattività,1,Maschi,Y20-64,20-64 anni,2022,33.521114,,
A,Annuale,ITF65,Reggio di Calabria,INAC_R,Tasso di inattività,1,Maschi,Y20-64,20-64 anni,2023,32.915541,,
A,Annuale,ITF65,Reggio di Calabria,INAC_R,Tasso di inattività,1,Maschi,Y20-64,20-64 anni,2024,35.244382,,
A,Annuale,ITF65,Reggio di Calabria,INAC_R,Tasso di inattività,2,Femmine,Y20-64,20-64 anni,2018,59.807562,,
A,Annuale,ITF65,Reggio di Calabria,INAC_R,Tasso di inattività,2,Femmine,Y20-64,20-64 anni,2019,63.072121,,
A,Annuale,ITF65,Reggio di Calabria,INAC_R,Tasso di inattività,2,Femmine,Y20-64,20-64 anni,2020,65.19508,,
A,Annuale,ITF65,Reggio di Calabria,INAC_R,Tasso di inattività,2,Femmine,Y20-64,20-64 anni,2021,61.258766,,
A,Annuale,ITF65,Reggio di Calabria,INAC_R,Tasso di inattività,2,Femmine,Y20-64,20-64 anni,2022,62.637636,,
A,Annuale,ITF65,Reggio di Calabria,INAC_R,Tasso di inattività,2,Femmine,Y20-64,20-64 anni,2023,59.685991,,
A,Annuale,ITF65,Reggio di Calabria,INAC_R,Tasso di inattività,2,Femmine,Y20-64,20-64 anni,2024,60.612481,,
A,Annuale,ITF62,Crotone,INAC_R,Tasso di inattività,1,Maschi,Y20-64,20-64 anni,2018,23.01537,,
A,Annuale,ITF62,Crotone,INAC_R,Tasso di inattività,1,Maschi,Y20-64,20-64 anni,2019,28.553307,,
A,Annuale,ITF62,Crotone,INAC_R,Tasso di inattività,1,Maschi,Y20-64,20-64 anni,2020,34.785174,,
A,Annuale,ITF62,Crotone,INAC_R,Tasso di inattività,1,Maschi,Y20-64,20-64 anni,2021,35.98657,,
A,Annuale,ITF62,Crotone,INAC_R,Tasso di inattività,1,Maschi,Y20-64,20-64 anni,2022,39.415561,,
A,Annuale,ITF62,Crotone,INAC_R,Tasso di inattività,1,Maschi,Y20-64,20-64 anni,2023,31.958498,,
A,Annuale,ITF62,Crotone,INAC_R,Tasso di inattività,1,Maschi,Y20-64,20-64 anni,2024,25.730931,,
A,Annuale,ITF62,Crotone,INAC_R,Tasso di inattività,2,Femmine,Y20-64,20-64 anni,2018,59.8606,,
A,Annuale,ITF62,Crotone,INAC_R,Tasso di inattività,2,Femmine,Y20-64,20-64 anni,2019,62.417708,,
A,Annuale,ITF62,Crotone,INAC_R,Tasso di inattività,2,Femmine,Y20-64,20-64 anni,2020,64.915135,,
A,Annuale,ITF62,Crotone,INAC_R,Tasso di inattività,2,Femmine,Y20-64,20-64 anni,2021,60.330042,,
A,Annuale,ITF62,Crotone,INAC_R,Tasso di inattività,2,Femmine,Y20-64,20-64 anni,2022,63.88637,,
A,Annuale,ITF62,Crotone,INAC_R,Tasso di inattività,2,Femmine,Y20-64,20-64 anni,2023,66.951046,,
A,Annuale,ITF62,Crotone,INAC_R,Tasso di inattività,2,Femmine,Y20-64,20-64 anni,2024,62.348757,,
A,Annuale,ITF64,Vibo Valentia,INAC_R,Tasso di inattività,1,Maschi,Y20-64,20-64 anni,2018,31.387568,,
A,Annuale,ITF64,Vibo Valentia,INAC_R,Tasso di inattività,1,Maschi,Y20-64,20-64 anni,2019,31.340215,,
A,Annuale,ITF64,Vibo Valentia,INAC_R,Tasso di inattività,1,Maschi,Y20-64,20-64 anni,2020,40.539704,,
A,Annuale,ITF64,Vibo Valentia,INAC_R,Tasso di inattività,1,Maschi,Y20-64,20-64 anni,2021,32.020057,,
A,Annuale,ITF64,Vibo Valentia,INAC_R,Tasso di inattività,1,Maschi,Y20-64,20-64 anni,2022,28.777342,,
A,Annuale,ITF64,Vibo Valentia,INAC_R,Tasso di inattività,1,Maschi,Y20-64,20-64 anni,2023,30.152716,,
A,Annuale,ITF64,Vibo Valentia,INAC_R,Tasso di inattività,1,Maschi,Y20-64,20-64 anni,2024,30.617199,,
A,Annuale,ITF64,Vibo Valentia,INAC_R,Tasso di inattività,2,Femmine,Y20-64,20-64 anni,2018,55.132436,,
A,Annuale,ITF64,Vibo Valentia,INAC_R,Tasso di inattività,2,Femmine,Y20-64,20-64 anni,2019,60.869279,,
A,Annuale,ITF64,Vibo Valentia,INAC_R,Tasso di inattività,2,Femmine,Y20-64,20-64 anni,2020,61.138073,,
A,Annuale,ITF64,Vibo Valentia,INAC_R,Tasso di inattività,2,Femmine,Y20-64,20-64 anni,2021,60.17672,,
A,Annuale,ITF64,Vibo Valentia,INAC_R,Tasso di inattività,2,Femmine,Y20-64,20-64 anni,2022,55.096706,,
A,Annuale,ITF64,Vibo Valentia,INAC_R,Tasso di inattività,2,Femmine,Y20-64,20-64 anni,2023,58.972658,,
A,Annuale,ITF64,Vibo Valentia,INAC_R,Tasso di inattività,2,Femmine,Y20-64,20-64 anni,2024,52.505637,,
A,Annuale,ITG11,Trapani,INAC_R,Tasso di inattività,1,Maschi,Y20-64,20-64 anni,2018,27.441973,,
A,Annuale,ITG11,Trapani,INAC_R,Tasso di inattività,1,Maschi,Y20-64,20-64 anni,2019,32.538163,,
A,Annuale,ITG11,Trapani,INAC_R,Tasso di inattività,1,Maschi,Y20-64,20-64 anni,2020,30.511716,,
A,Annuale,ITG11,Trapani,INAC_R,Tasso di inattività,1,Maschi,Y20-64,20-64 anni,2021,32.317614,,
A,Annuale,ITG11,Trapani,INAC_R,Tasso di inattività,1,Maschi,Y20-64,20-64 anni,2022,31.683871,,
A,Annuale,ITG11,Trapani,INAC_R,Tasso di inattività,1,Maschi,Y20-64,20-64 anni,2023,28.961248,,
A,Annuale,ITG11,Trapani,INAC_R,Tasso di inattività,1,Maschi,Y20-64,20-64 anni,2024,31.661915,,
A,Annuale,ITG11,Trapani,INAC_R,Tasso di inattività,2,Femmine,Y20-64,20-64 anni,2018,62.800032,,
A,Annuale,ITG11,Trapani,INAC_R,Tasso di inattività,2,Femmine,Y20-64,20-64 anni,2019,59.349985,,
A,Annuale,ITG11,Trapani,INAC_R,Tasso di inattività,2,Femmine,Y20-64,20-64 anni,2020,59.185061,,
A,Annuale,ITG11,Trapani,INAC_R,Tasso di inattività,2,Femmine,Y20-64,20-64 anni,2021,59.239289,,
A,Annuale,ITG11,Trapani,INAC_R,Tasso di inattività,2,Femmine,Y20-64,20-64 anni,2022,59.824334,,
A,Annuale,ITG11,Trapani,INAC_R,Tasso di inattività,2,Femmine,Y20-64,20-64 anni,2023,58.292775,,
A,Annuale,ITG11,Trapani,INAC_R,Tasso di inattività,2,Femmine,Y20-64,20-64 anni,2024,60.666582,,
A,Annuale,ITG12,Palermo,INAC_R,Tasso di inattività,1,Maschi,Y20-64,20-64 anni,2018,32.876823,,
A,Annuale,ITG12,Palermo,INAC_R,Tasso di inattività,1,Maschi,Y20-64,20-64 anni,2019,32.649824,,
A,Annuale,ITG12,Palermo,INAC_R,Tasso di inattività,1,Maschi,Y20-64,20-64 anni,2020,36.412674,,
A,Annuale,ITG12,Palermo,INAC_R,Tasso di inattività,1,Maschi,Y20-64,20-64 anni,2021,32.206009,,
A,Annuale,ITG12,Palermo,INAC_R,Tasso di inattività,1,Maschi,Y20-64,20-64 anni,2022,31.531757,,
A,Annuale,ITG12,Palermo,INAC_R,Tasso di inattività,1,Maschi,Y20-64,20-64 anni,2023,30.027713,,
A,Annuale,ITG12,Palermo,INAC_R,Tasso di inattività,1,Maschi,Y20-64,20-64 anni,2024,29.781241,,
A,Annuale,ITG12,Palermo,INAC_R,Tasso di inattività,2,Femmine,Y20-64,20-64 anni,2018,60.185527,,
A,Annuale,ITG12,Palermo,INAC_R,Tasso di inattività,2,Femmine,Y20-64,20-64 anni,2019,60.154369,,
A,Annuale,ITG12,Palermo,INAC_R,Tasso di inattività,2,Femmine,Y20-64,20-64 anni,2020,63.066988,,
A,Annuale,ITG12,Palermo,INAC_R,Tasso di inattività,2,Femmine,Y20-64,20-64 anni,2021,59.609674,,
A,Annuale,ITG12,Palermo,INAC_R,Tasso di inattività,2,Femmine,Y20-64,20-64 anni,2022,58.776175,,
A,Annuale,ITG12,Palermo,INAC_R,Tasso di inattività,2,Femmine,Y20-64,20-64 anni,2023,57.198109,,
A,Annuale,ITG12,Palermo,INAC_R,Tasso di inattività,2,Femmine,Y20-64,20-64 anni,2024,56.488847,,
A,Annuale,ITG13,Messina,INAC_R,Tasso di inattività,1,Maschi,Y20-64,20-64 anni,2018,28.900948,,
A,Annuale,ITG13,Messina,INAC_R,Tasso di inattività,1,Maschi,Y20-64,20-64 anni,2019,30.621872,,
A,Annuale,ITG13,Messina,INAC_R,Tasso di inattività,1,Maschi,Y20-64,20-64 anni,2020,28.272996,,
A,Annuale,ITG13,Messina,INAC_R,Tasso di inattività,1,Maschi,Y20-64,20-64 anni,2021,30.076546,,
A,Annuale,ITG13,Messina,INAC_R,Tasso di inattività,1,Maschi,Y20-64,20-64 anni,2022,29.198374,,
A,Annuale,ITG13,Messina,INAC_R,Tasso di inattività,1,Maschi,Y20-64,20-64 anni,2023,28.167766,,
A,Annuale,ITG13,Messina,INAC_R,Tasso di inattività,1,Maschi,Y20-64,20-64 anni,2024,28.070449,,
A,Annuale,ITG13,Messina,INAC_R,Tasso di inattività,2,Femmine,Y20-64,20-64 anni,2018,50.502594,,
A,Annuale,ITG13,Messina,INAC_R,Tasso di inattività,2,Femmine,Y20-64,20-64 anni,2019,53.770326,,
A,Annuale,ITG13,Messina,INAC_R,Tasso di inattività,2,Femmine,Y20-64,20-64 anni,2020,54.768283,,
A,Annuale,ITG13,Messina,INAC_R,Tasso di inattività,2,Femmine,Y20-64,20-64 anni,2021,54.997921,,
A,Annuale,ITG13,Messina,INAC_R,Tasso di inattività,2,Femmine,Y20-64,20-64 anni,2022,52.127445,,
A,Annuale,ITG13,Messina,INAC_R,Tasso di inattività,2,Femmine,Y20-64,20-64 anni,2023,50.91794,,
A,Annuale,ITG13,Messina,INAC_R,Tasso di inattività,2,Femmine,Y20-64,20-64 anni,2024,51.860077,,
A,Annuale,ITG14,Agrigento,INAC_R,Tasso di inattività,1,Maschi,Y20-64,20-64 anni,2018,22.473469,,
A,Annuale,ITG14,Agrigento,INAC_R,Tasso di inattività,1,Maschi,Y20-64,20-64 anni,2019,24.320271,,
A,Annuale,ITG14,Agrigento,INAC_R,Tasso di inattività,1,Maschi,Y20-64,20-64 anni,2020,27.786984,,
A,Annuale,ITG14,Agrigento,INAC_R,Tasso di inattività,1,Maschi,Y20-64,20-64 anni,2021,25.310215,,
A,Annuale,ITG14,Agrigento,INAC_R,Tasso di inattività,1,Maschi,Y20-64,20-64 anni,2022,26.397814,,
A,Annuale,ITG14,Agrigento,INAC_R,Tasso di inattività,1,Maschi,Y20-64,20-64 anni,2023,26.586869,,
A,Annuale,ITG14,Agrigento,INAC_R,Tasso di inattività,1,Maschi,Y20-64,20-64 anni,2024,25.42669,,
A,Annuale,ITG14,Agrigento,INAC_R,Tasso di inattività,2,Femmine,Y20-64,20-64 anni,2018,60.246706,,
A,Annuale,ITG14,Agrigento,INAC_R,Tasso di inattività,2,Femmine,Y20-64,20-64 anni,2019,59.311636,,
A,Annuale,ITG14,Agrigento,INAC_R,Tasso di inattività,2,Femmine,Y20-64,20-64 anni,2020,60.796311,,
A,Annuale,ITG14,Agrigento,INAC_R,Tasso di inattività,2,Femmine,Y20-64,20-64 anni,2021,63.660304,,
A,Annuale,ITG14,Agrigento,INAC_R,Tasso di inattività,2,Femmine,Y20-64,20-64 anni,2022,60.696669,,
A,Annuale,ITG14,Agrigento,INAC_R,Tasso di inattività,2,Femmine,Y20-64,20-64 anni,2023,56.614553,,
A,Annuale,ITG14,Agrigento,INAC_R,Tasso di inattività,2,Femmine,Y20-64,20-64 anni,2024,53.462448,,
A,Annuale,ITG15,Caltanissetta,INAC_R,Tasso di inattività,1,Maschi,Y20-64,20-64 anni,2018,29.862611,,
A,Annuale,ITG15,Caltanissetta,INAC_R,Tasso di inattività,1,Maschi,Y20-64,20-64 anni,2019,30.798302,,
A,Annuale,ITG15,Caltanissetta,INAC_R,Tasso di inattività,1,Maschi,Y20-64,20-64 anni,2020,31.653996,,
A,Annuale,ITG15,Caltanissetta,INAC_R,Tasso di inattività,1,Maschi,Y20-64,20-64 anni,2021,32.150053,,
A,Annuale,ITG15,Caltanissetta,INAC_R,Tasso di inattività,1,Maschi,Y20-64,20-64 anni,2022,30.989573,,
A,Annuale,ITG15,Caltanissetta,INAC_R,Tasso di inattività,1,Maschi,Y20-64,20-64 anni,2023,30.769552,,
A,Annuale,ITG15,Caltanissetta,INAC_R,Tasso di inattività,1,Maschi,Y20-64,20-64 anni,2024,30.154081,,
A,Annuale,ITG15,Caltanissetta,INAC_R,Tasso di inattività,2,Femmine,Y20-64,20-64 anni,2018,65.889235,,
A,Annuale,ITG15,Caltanissetta,INAC_R,Tasso di inattività,2,Femmine,Y20-64,20-64 anni,2019,67.149911,,
A,Annuale,ITG15,Caltanissetta,INAC_R,Tasso di inattività,2,Femmine,Y20-64,20-64 anni,2020,72.149361,,
A,Annuale,ITG15,Caltanissetta,INAC_R,Tasso di inattività,2,Femmine,Y20-64,20-64 anni,2021,70.549144,,
A,Annuale,ITG15,Caltanissetta,INAC_R,Tasso di inattività,2,Femmine,Y20-64,20-64 anni,2022,71.539224,,
A,Annuale,ITG15,Caltanissetta,INAC_R,Tasso di inattività,2,Femmine,Y20-64,20-64 anni,2023,69.324427,,
A,Annuale,ITG15,Caltanissetta,INAC_R,Tasso di inattività,2,Femmine,Y20-64,20-64 anni,2024,63.697636,,
A,Annuale,ITG16,Enna,INAC_R,Tasso di inattività,1,Maschi,Y20-64,20-64 anni,2018,26.453041,,
A,Annuale,ITG16,Enna,INAC_R,Tasso di inattività,1,Maschi,Y20-64,20-64 anni,2019,26.221336,,
A,Annuale,ITG16,Enna,INAC_R,Tasso di inattività,1,Maschi,Y20-64,20-64 anni,2020,28.850028,,
A,Annuale,ITG16,Enna,INAC_R,Tasso di inattività,1,Maschi,Y20-64,20-64 anni,2021,23.438154,,
A,Annuale,ITG16,Enna,INAC_R,Tasso di inattività,1,Maschi,Y20-64,20-64 anni,2022,25.454262,,
A,Annuale,ITG16,Enna,INAC_R,Tasso di inattività,1,Maschi,Y20-64,20-64 anni,2023,23.170677,,
A,Annuale,ITG16,Enna,INAC_R,Tasso di inattività,1,Maschi,Y20-64,20-64 anni,2024,27.756293,,
A,Annuale,ITG16,Enna,INAC_R,Tasso di inattività,2,Femmine,Y20-64,20-64 anni,2018,61.89534,,
A,Annuale,ITG16,Enna,INAC_R,Tasso di inattività,2,Femmine,Y20-64,20-64 anni,2019,60.873714,,
A,Annuale,ITG16,Enna,INAC_R,Tasso di inattività,2,Femmine,Y20-64,20-64 anni,2020,63.346698,,
A,Annuale,ITG16,Enna,INAC_R,Tasso di inattività,2,Femmine,Y20-64,20-64 anni,2021,58.751795,,
A,Annuale,ITG16,Enna,INAC_R,Tasso di inattività,2,Femmine,Y20-64,20-64 anni,2022,61.161148,,
A,Annuale,ITG16,Enna,INAC_R,Tasso di inattività,2,Femmine,Y20-64,20-64 anni,2023,58.034218,,
A,Annuale,ITG16,Enna,INAC_R,Tasso di inattività,2,Femmine,Y20-64,20-64 anni,2024,54.757362,,
A,Annuale,ITG17,Catania,INAC_R,Tasso di inattività,1,Maschi,Y20-64,20-64 anni,2018,31.52564,,
A,Annuale,ITG17,Catania,INAC_R,Tasso di inattività,1,Maschi,Y20-64,20-64 anni,2019,33.168134,,
A,Annuale,ITG17,Catania,INAC_R,Tasso di inattività,1,Maschi,Y20-64,20-64 anni,2020,35.455161,,
A,Annuale,ITG17,Catania,INAC_R,Tasso di inattività,1,Maschi,Y20-64,20-64 anni,2021,34.459227,,
A,Annuale,ITG17,Catania,INAC_R,Tasso di inattività,1,Maschi,Y20-64,20-64 anni,2022,31.74254,,
A,Annuale,ITG17,Catania,INAC_R,Tasso di inattività,1,Maschi,Y20-64,20-64 anni,2023,26.779705,,
A,Annuale,ITG17,Catania,INAC_R,Tasso di inattività,1,Maschi,Y20-64,20-64 anni,2024,27.168934,,
A,Annuale,ITG17,Catania,INAC_R,Tasso di inattività,2,Femmine,Y20-64,20-64 anni,2018,61.352011,,
A,Annuale,ITG17,Catania,INAC_R,Tasso di inattività,2,Femmine,Y20-64,20-64 anni,2019,60.546285,,
A,Annuale,ITG17,Catania,INAC_R,Tasso di inattività,2,Femmine,Y20-64,20-64 anni,2020,62.978074,,
A,Annuale,ITG17,Catania,INAC_R,Tasso di inattività,2,Femmine,Y20-64,20-64 anni,2021,64.922934,,
A,Annuale,ITG17,Catania,INAC_R,Tasso di inattività,2,Femmine,Y20-64,20-64 anni,2022,62.33926,,
A,Annuale,ITG17,Catania,INAC_R,Tasso di inattività,2,Femmine,Y20-64,20-64 anni,2023,57.275351,,
A,Annuale,ITG17,Catania,INAC_R,Tasso di inattività,2,Femmine,Y20-64,20-64 anni,2024,56.155424,,
A,Annuale,ITG18,Ragusa,INAC_R,Tasso di inattività,1,Maschi,Y20-64,20-64 anni,2018,23.094052,,
A,Annuale,ITG18,Ragusa,INAC_R,Tasso di inattività,1,Maschi,Y20-64,20-64 anni,2019,20.05758,,
A,Annuale,ITG18,Ragusa,INAC_R,Tasso di inattività,1,Maschi,Y20-64,20-64 anni,2020,20.260538,,
A,Annuale,ITG18,Ragusa,INAC_R,Tasso di inattività,1,Maschi,Y20-64,20-64 anni,2021,19.454921,,
A,Annuale,ITG18,Ragusa,INAC_R,Tasso di inattività,1,Maschi,Y20-64,20-64 anni,2022,22.592738,,
A,Annuale,ITG18,Ragusa,INAC_R,Tasso di inattività,1,Maschi,Y20-64,20-64 anni,2023,18.813462,,
A,Annuale,ITG18,Ragusa,INAC_R,Tasso di inattività,1,Maschi,Y20-64,20-64 anni,2024,17.139025,,
A,Annuale,ITG18,Ragusa,INAC_R,Tasso di inattività,2,Femmine,Y20-64,20-64 anni,2018,48.246309,,
A,Annuale,ITG18,Ragusa,INAC_R,Tasso di inattività,2,Femmine,Y20-64,20-64 anni,2019,49.734051,,
A,Annuale,ITG18,Ragusa,INAC_R,Tasso di inattività,2,Femmine,Y20-64,20-64 anni,2020,49.138627,,
A,Annuale,ITG18,Ragusa,INAC_R,Tasso di inattività,2,Femmine,Y20-64,20-64 anni,2021,47.058446,,
A,Annuale,ITG18,Ragusa,INAC_R,Tasso di inattività,2,Femmine,Y20-64,20-64 anni,2022,48.481127,,
A,Annuale,ITG18,Ragusa,INAC_R,Tasso di inattività,2,Femmine,Y20-64,20-64 anni,2023,48.680552,,
A,Annuale,ITG18,Ragusa,INAC_R,Tasso di inattività,2,Femmine,Y20-64,20-64 anni,2024,46.719397,,
A,Annuale,ITG19,Siracusa,INAC_R,Tasso di inattività,1,Maschi,Y20-64,20-64 anni,2018,23.257382,,
A,Annuale,ITG19,Siracusa,INAC_R,Tasso di inattività,1,Maschi,Y20-64,20-64 anni,2019,23.950058,,
A,Annuale,ITG19,Siracusa,INAC_R,Tasso di inattività,1,Maschi,Y20-64,20-64 anni,2020,27.674034,,
A,Annuale,ITG19,Siracusa,INAC_R,Tasso di inattività,1,Maschi,Y20-64,20-64 anni,2021,26.732104,,
A,Annuale,ITG19,Siracusa,INAC_R,Tasso di inattività,1,Maschi,Y20-64,20-64 anni,2022,26.681385,,
A,Annuale,ITG19,Siracusa,INAC_R,Tasso di inattività,1,Maschi,Y20-64,20-64 anni,2023,27.054685,,
A,Annuale,ITG19,Siracusa,INAC_R,Tasso di inattività,1,Maschi,Y20-64,20-64 anni,2024,24.937994,,
A,Annuale,ITG19,Siracusa,INAC_R,Tasso di inattività,2,Femmine,Y20-64,20-64 anni,2018,50.867276,,
A,Annuale,ITG19,Siracusa,INAC_R,Tasso di inattività,2,Femmine,Y20-64,20-64 anni,2019,51.0528,,
A,Annuale,ITG19,Siracusa,INAC_R,Tasso di inattività,2,Femmine,Y20-64,20-64 anni,2020,57.450765,,
A,Annuale,ITG19,Siracusa,INAC_R,Tasso di inattività,2,Femmine,Y20-64,20-64 anni,2021,57.190428,,
A,Annuale,ITG19,Siracusa,INAC_R,Tasso di inattività,2,Femmine,Y20-64,20-64 anni,2022,61.974241,,
A,Annuale,ITG19,Siracusa,INAC_R,Tasso di inattività,2,Femmine,Y20-64,20-64 anni,2023,59.028274,,
A,Annuale,ITG19,Siracusa,INAC_R,Tasso di inattività,2,Femmine,Y20-64,20-64 anni,2024,56.2456,,
A,Annuale,ITG25,Sassari,INAC_R,Tasso di inattività,1,Maschi,Y20-64,20-64 anni,2018,22.256557,,
A,Annuale,ITG25,Sassari,INAC_R,Tasso di inattività,1,Maschi,Y20-64,20-64 anni,2019,22.777006,,
A,Annuale,ITG25,Sassari,INAC_R,Tasso di inattività,1,Maschi,Y20-64,20-64 anni,2020,28.159783,,
A,Annuale,ITG25,Sassari,INAC_R,Tasso di inattività,1,Maschi,Y20-64,20-64 anni,2021,27.564076,,
A,Annuale,ITG25,Sassari,INAC_R,Tasso di inattività,1,Maschi,Y20-64,20-64 anni,2022,26.455964,,
A,Annuale,ITG25,Sassari,INAC_R,Tasso di inattività,1,Maschi,Y20-64,20-64 anni,2023,26.29646,,
A,Annuale,ITG25,Sassari,INAC_R,Tasso di inattività,1,Maschi,Y20-64,20-64 anni,2024,24.418695,,
A,Annuale,ITG25,Sassari,INAC_R,Tasso di inattività,2,Femmine,Y20-64,20-64 anni,2018,42.991454,,
A,Annuale,ITG25,Sassari,INAC_R,Tasso di inattività,2,Femmine,Y20-64,20-64 anni,2019,38.899173,,
A,Annuale,ITG25,Sassari,INAC_R,Tasso di inattività,2,Femmine,Y20-64,20-64 anni,2020,47.972074,,
A,Annuale,ITG25,Sassari,INAC_R,Tasso di inattività,2,Femmine,Y20-64,20-64 anni,2021,45.700827,,
A,Annuale,ITG25,Sassari,INAC_R,Tasso di inattività,2,Femmine,Y20-64,20-64 anni,2022,43.691405,,
A,Annuale,ITG25,Sassari,INAC_R,Tasso di inattività,2,Femmine,Y20-64,20-64 anni,2023,44.539292,,
A,Annuale,ITG25,Sassari,INAC_R,Tasso di inattività,2,Femmine,Y20-64,20-64 anni,2024,40.713448,,
A,Annuale,ITG26,Nuoro,INAC_R,Tasso di inattività,1,Maschi,Y20-64,20-64 anni,2018,29.774424,,
A,Annuale,ITG26,Nuoro,INAC_R,Tasso di inattività,1,Maschi,Y20-64,20-64 anni,2019,29.222693,,
A,Annuale,ITG26,Nuoro,INAC_R,Tasso di inattività,1,Maschi,Y20-64,20-64 anni,2020,35.965932,,
A,Annuale,ITG26,Nuoro,INAC_R,Tasso di inattività,1,Maschi,Y20-64,20-64 anni,2021,28.933039,,
A,Annuale,ITG26,Nuoro,INAC_R,Tasso di inattività,1,Maschi,Y20-64,20-64 anni,2022,29.773413,,
A,Annuale,ITG26,Nuoro,INAC_R,Tasso di inattività,1,Maschi,Y20-64,20-64 anni,2023,30.82362,,
A,Annuale,ITG26,Nuoro,INAC_R,Tasso di inattività,1,Maschi,Y20-64,20-64 anni,2024,28.691651,,
A,Annuale,ITG26,Nuoro,INAC_R,Tasso di inattività,2,Femmine,Y20-64,20-64 anni,2018,47.393388,,
A,Annuale,ITG26,Nuoro,INAC_R,Tasso di inattività,2,Femmine,Y20-64,20-64 anni,2019,46.075372,,
A,Annuale,ITG26,Nuoro,INAC_R,Tasso di inattività,2,Femmine,Y20-64,20-64 anni,2020,48.120364,,
A,Annuale,ITG26,Nuoro,INAC_R,Tasso di inattività,2,Femmine,Y20-64,20-64 anni,2021,44.108667,,
A,Annuale,ITG26,Nuoro,INAC_R,Tasso di inattività,2,Femmine,Y20-64,20-64 anni,2022,43.725927,,
A,Annuale,ITG26,Nuoro,INAC_R,Tasso di inattività,2,Femmine,Y20-64,20-64 anni,2023,45.675734,,
A,Annuale,ITG26,Nuoro,INAC_R,Tasso di inattività,2,Femmine,Y20-64,20-64 anni,2024,41.537692,,
A,Annuale,ITG27,Cagliari,INAC_R,Tasso di inattività,1,Maschi,Y20-64,20-64 anni,2018,22.389732,,
A,Annuale,ITG27,Cagliari,INAC_R,Tasso di inattività,1,Maschi,Y20-64,20-64 anni,2019,24.564446,,
A,Annuale,ITG27,Cagliari,INAC_R,Tasso di inattività,1,Maschi,Y20-64,20-64 anni,2020,23.970122,,
A,Annuale,ITG27,Cagliari,INAC_R,Tasso di inattività,1,Maschi,Y20-64,20-64 anni,2021,19.909592,,
A,Annuale,ITG27,Cagliari,INAC_R,Tasso di inattività,1,Maschi,Y20-64,20-64 anni,2022,18.971222,,
A,Annuale,ITG27,Cagliari,INAC_R,Tasso di inattività,1,Maschi,Y20-64,20-64 anni,2023,19.385566,,
A,Annuale,ITG27,Cagliari,INAC_R,Tasso di inattività,1,Maschi,Y20-64,20-64 anni,2024,21.175632,,
A,Annuale,ITG27,Cagliari,INAC_R,Tasso di inattività,2,Femmine,Y20-64,20-64 anni,2018,40.839766,,
A,Annuale,ITG27,Cagliari,INAC_R,Tasso di inattività,2,Femmine,Y20-64,20-64 anni,2019,34.593483,,
A,Annuale,ITG27,Cagliari,INAC_R,Tasso di inattività,2,Femmine,Y20-64,20-64 anni,2020,35.248098,,
A,Annuale,ITG27,Cagliari,INAC_R,Tasso di inattività,2,Femmine,Y20-64,20-64 anni,2021,34.676816,,
A,Annuale,ITG27,Cagliari,INAC_R,Tasso di inattività,2,Femmine,Y20-64,20-64 anni,2022,35.775162,,
A,Annuale,ITG27,Cagliari,INAC_R,Tasso di inattività,2,Femmine,Y20-64,20-64 anni,2023,32.930432,,
A,Annuale,ITG27,Cagliari,INAC_R,Tasso di inattività,2,Femmine,Y20-64,20-64 anni,2024,35.833641,,
A,Annuale,ITG28,Oristano,INAC_R,Tasso di inattività,1,Maschi,Y20-64,20-64 anni,2018,27.203446,,
A,Annuale,ITG28,Oristano,INAC_R,Tasso di inattività,1,Maschi,Y20-64,20-64 anni,2019,25.657379,,
A,Annuale,ITG28,Oristano,INAC_R,Tasso di inattività,1,Maschi,Y20-64,20-64 anni,2020,26.504665,,
A,Annuale,ITG28,Oristano,INAC_R,Tasso di inattività,1,Maschi,Y20-64,20-64 anni,2021,28.377355,,
A,Annuale,ITG28,Oristano,INAC_R,Tasso di inattività,1,Maschi,Y20-64,20-64 anni,2022,27.569809,,
A,Annuale,ITG28,Oristano,INAC_R,Tasso di inattività,1,Maschi,Y20-64,20-64 anni,2023,25.352922,,
A,Annuale,ITG28,Oristano,INAC_R,Tasso di inattività,1,Maschi,Y20-64,20-64 anni,2024,24.077076,,
A,Annuale,ITG28,Oristano,INAC_R,Tasso di inattività,2,Femmine,Y20-64,20-64 anni,2018,42.974627,,
A,Annuale,ITG28,Oristano,INAC_R,Tasso di inattività,2,Femmine,Y20-64,20-64 anni,2019,44.412278,,
A,Annuale,ITG28,Oristano,INAC_R,Tasso di inattività,2,Femmine,Y20-64,20-64 anni,2020,41.518658,,
A,Annuale,ITG28,Oristano,INAC_R,Tasso di inattività,2,Femmine,Y20-64,20-64 anni,2021,44.729229,,
A,Annuale,ITG28,Oristano,INAC_R,Tasso di inattività,2,Femmine,Y20-64,20-64 anni,2022,47.428966,,
A,Annuale,ITG28,Oristano,INAC_R,Tasso di inattività,2,Femmine,Y20-64,20-64 anni,2023,44.821123,,
A,Annuale,ITG28,Oristano,INAC_R,Tasso di inattività,2,Femmine,Y20-64,20-64 anni,2024,40.115081,,
A,Annuale,IT111,Sud Sardegna,INAC_R,Tasso di inattività,1,Maschi,Y20-64,20-64 anni,2018,22.554237,,
A,Annuale,IT111,Sud Sardegna,INAC_R,Tasso di inattività,1,Maschi,Y20-64,20-64 anni,2019,25.447207,,
A,Annuale,IT111,Sud Sardegna,INAC_R,Tasso di inattività,1,Maschi,Y20-64,20-64 anni,2020,30.014289,,
A,Annuale,IT111,Sud Sardegna,INAC_R,Tasso di inattività,1,Maschi,Y20-64,20-64 anni,2021,26.12417,,
A,Annuale,IT111,Sud Sardegna,INAC_R,Tasso di inattività,1,Maschi,Y20-64,20-64 anni,2022,26.030794,,
A,Annuale,IT111,Sud Sardegna,INAC_R,Tasso di inattività,1,Maschi,Y20-64,20-64 anni,2023,27.75207,,
A,Annuale,IT111,Sud Sardegna,INAC_R,Tasso di inattività,1,Maschi,Y20-64,20-64 anni,2024,27.683435,,
A,Annuale,IT111,Sud Sardegna,INAC_R,Tasso di inattività,2,Femmine,Y20-64,20-64 anni,2018,46.890832,,
A,Annuale,IT111,Sud Sardegna,INAC_R,Tasso di inattività,2,Femmine,Y20-64,20-64 anni,2019,45.855435,,
A,Annuale,IT111,Sud Sardegna,INAC_R,Tasso di inattività,2,Femmine,Y20-64,20-64 anni,2020,51.165797,,
A,Annuale,IT111,Sud Sardegna,INAC_R,Tasso di inattività,2,Femmine,Y20-64,20-64 anni,2021,46.705097,,
A,Annuale,IT111,Sud Sardegna,INAC_R,Tasso di inattività,2,Femmine,Y20-64,20-64 anni,2022,46.73391,,
A,Annuale,IT111,Sud Sardegna,INAC_R,Tasso di inattività,2,Femmine,Y20-64,20-64 anni,2023,46.275787,,
A,Annuale,IT111,Sud Sardegna,INAC_R,Tasso di inattività,2,Femmine,Y20-64,20-64 anni,2024,48.218038,,
